Timeframe name,From (date),To (date),Material name,Material code,Quantity,Unit,Location,Comments
January 2012,01/01/12,31/01/12,water,MF9,43222.74,ML,Wemmershoek,
February 2012,01/02/12,29/02/12,water,MF9,39691.41,ML,Wemmershoek,
March 2012,01/03/12,31/03/12,water,MF9,33966.74,ML,Wemmershoek,
April 2012,01/04/12,30/04/12,water,MF9,29017.83,ML,Wemmershoek,
May 2012,01/05/12,31/05/12,water,MF9,27569.81,ML,Wemmershoek,
June 2012,01/06/12,30/06/12,water,MF9,27808.07,ML,Wemmershoek,
July 2012,01/07/12,31/07/12,water,MF9,34711.23,ML,Wemmershoek,
August 2012,01/08/12,31/08/12,water,MF9,47633.58,ML,Wemmershoek,
September 2012,01/09/12,30/09/12,water,MF9,58679.5,ML,Wemmershoek,
October 2012,01/10/12,31/10/12,water,MF9,58215.94,ML,Wemmershoek,
November 2012,01/11/12,30/11/12,water,MF9,56598.97,ML,Wemmershoek,
December 2012,01/12/12,31/12/12,water,MF9,53560.77,ML,Wemmershoek,
January 2013,01/01/13,31/01/13,water,MF9,49406.1,ML,Wemmershoek,
February 2013,01/02/13,28/02/13,water,MF9,45487.46,ML,Wemmershoek,
March 2013,01/03/13,31/03/13,water,MF9,41616.68,ML,Wemmershoek,
April 2013,01/04/13,30/04/13,water,MF9,40062.53,ML,Wemmershoek,
May 2013,01/05/13,31/05/13,water,MF9,39040.52,ML,Wemmershoek,
June 2013,01/06/13,30/06/13,water,MF9,48648.57,ML,Wemmershoek,
July 2013,01/07/13,31/07/13,water,MF9,55635.19,ML,Wemmershoek,
August 2013,01/08/13,31/08/13,water,MF9,58603.26,ML,Wemmershoek,
September 2013,01/09/13,30/09/13,water,MF9,58597.93,ML,Wemmershoek,
October 2013,01/10/13,31/10/13,water,MF9,57657.16,ML,Wemmershoek,
November 2013,01/11/13,30/11/13,water,MF9,57399.5,ML,Wemmershoek,
December 2013,01/12/13,31/12/13,water,MF9,55663.97,ML,Wemmershoek,
January 2014,01/01/14,31/01/14,water,MF9,51109.68,ML,Wemmershoek,
February 2014,01/02/14,28/02/14,water,MF9,46639.04,ML,Wemmershoek,
March 2014,01/03/14,31/03/14,water,MF9,41982.65,ML,Wemmershoek,
April 2014,01/04/14,30/04/14,water,MF9,38392.57,ML,Wemmershoek,
May 2014,01/05/14,31/05/14,water,MF9,34487.9,ML,Wemmershoek,
June 2014,01/06/14,30/06/14,water,MF9,47512.07,ML,Wemmershoek,
July 2014,01/07/14,31/07/14,water,MF9,56512.26,ML,Wemmershoek,
August 2014,01/08/14,31/08/14,water,MF9,58549.71,ML,Wemmershoek,
September 2014,01/09/14,30/09/14,water,MF9,58137.47,ML,Wemmershoek,
October 2014,01/10/14,31/10/14,water,MF9,55230.16,ML,Wemmershoek,
November 2014,01/11/14,30/11/14,water,MF9,50168.53,ML,Wemmershoek,
December 2014,01/12/14,31/12/14,water,MF9,46676.84,ML,Wemmershoek,
January 2015,01/01/15,31/01/15,water,MF9,43086.32,ML,Wemmershoek,
February 2015,01/02/15,28/02/15,water,MF9,39431.25,ML,Wemmershoek,
March 2015,01/03/15,31/03/15,water,MF9,36278.52,ML,Wemmershoek,
April 2015,01/04/15,30/04/15,water,MF9,32889.97,ML,Wemmershoek,
May 2015,01/05/15,31/05/15,water,MF9,29610.42,ML,Wemmershoek,
June 2015,01/06/15,30/06/15,water,MF9,30242.53,ML,Wemmershoek,
July 2015,01/07/15,31/07/15,water,MF9,32909.13,ML,Wemmershoek,
August 2015,01/08/15,31/08/15,water,MF9,41195.16,ML,Wemmershoek,
September 2015,01/09/15,30/09/15,water,MF9,42537.77,ML,Wemmershoek,
October 2015,01/10/15,31/10/15,water,MF9,40472.9,ML,Wemmershoek,
November 2015,01/11/15,30/11/15,water,MF9,38169.4,ML,Wemmershoek,
December 2015,01/12/15,31/12/15,water,MF9,35829.16,ML,Wemmershoek,
January 2016,01/01/16,31/01/16,water,MF9,33696.81,ML,Wemmershoek,
February 2016,01/02/16,29/02/16,water,MF9,31753.34,ML,Wemmershoek,
March 2016,01/03/16,31/03/16,water,MF9,29901.97,ML,Wemmershoek,
April 2016,01/04/16,30/04/16,water,MF9,28663.33,ML,Wemmershoek,
May 2016,01/05/16,31/05/16,water,MF9,28124.97,ML,Wemmershoek,
June 2016,01/06/16,30/06/16,water,MF9,27370.1,ML,Wemmershoek,
July 2016,01/07/16,31/07/16,water,MF9,34940.81,ML,Wemmershoek,
August 2016,01/08/16,31/08/16,water,MF9,40541.29,ML,Wemmershoek,
September 2016,01/09/16,30/09/16,water,MF9,41064.33,ML,Wemmershoek,
October 2016,01/10/16,31/10/16,water,MF9,38697.68,ML,Wemmershoek,
November 2016,01/11/16,30/11/16,water,MF9,33421.23,ML,Wemmershoek,
December 2016,01/12/16,31/12/16,water,MF9,27620.39,ML,Wemmershoek,
January 2017,01/01/17,31/01/17,water,MF9,22312.91,ML,Wemmershoek,
February 2017,01/02/17,28/02/17,water,MF9,21327.34,ML,Wemmershoek,
March 2017,01/03/17,31/03/17,water,MF9,21104.66,ML,Wemmershoek,
April 2017,01/04/17,30/04/17,water,MF9,21064.0,ML,Wemmershoek,
May 2017,01/05/17,31/05/17,water,MF9,21147.45,ML,Wemmershoek,
June 2017,01/06/17,30/06/17,water,MF9,21303.94,ML,Wemmershoek,
July 2017,01/07/17,31/07/17,water,MF9,21220.75,ML,Wemmershoek,
August 2017,01/08/17,31/08/17,water,MF9,23051.59,ML,Wemmershoek,
September 2017,01/09/17,30/09/17,water,MF9,25318.03,ML,Wemmershoek,
October 2017,01/10/17,31/10/17,water,MF9,27109.41,ML,Wemmershoek,
November 2017,01/11/17,30/11/17,water,MF9,28820.29,ML,Wemmershoek,
December 2017,01/12/17,31/12/17,water,MF9,30062.44,ML,Wemmershoek,
January 2018,01/01/18,31/01/18,water,MF9,30663.45,ML,Wemmershoek,
February 2018,01/02/18,28/02/18,water,MF9,28474.14,ML,Wemmershoek,
March 2018,01/03/18,31/03/18,water,MF9,25834.81,ML,Wemmershoek,
April 2018,01/04/18,30/04/18,water,MF9,26186.0,ML,Wemmershoek,
May 2018,01/05/18,31/05/18,water,MF9,28586.26,ML,Wemmershoek,
June 2018,01/06/18,30/06/18,water,MF9,37239.13,ML,Wemmershoek,
July 2018,01/07/18,31/07/18,water,MF9,48962.68,ML,Wemmershoek,
August 2018,01/08/18,31/08/18,water,MF9,49094.03,ML,Wemmershoek,
September 2018,01/09/18,30/09/18,water,MF9,53517.83,ML,Wemmershoek,
October 2018,01/10/18,31/10/18,water,MF9,55050.87,ML,Wemmershoek,
November 2018,01/11/18,30/11/18,water,MF9,52255.37,ML,Wemmershoek,
December 2018,01/12/18,31/12/18,water,MF9,47995.03,ML,Wemmershoek,
January 2019,01/01/19,31/01/19,water,MF9,43381.29,ML,Wemmershoek,
February 2019,01/02/19,28/02/19,water,MF9,38787.75,ML,Wemmershoek,
March 2019,01/03/19,31/03/19,water,MF9,34322.81,ML,Wemmershoek,
April 2019,01/04/19,30/04/19,water,MF9,29736.47,ML,Wemmershoek,
May 2019,01/05/19,31/05/19,water,MF9,25549.37,ML,Wemmershoek,
January 2012,01/01/12,31/01/12,water,MF9,22370.9,ML,Steenbras Lower,
February 2012,01/02/12,29/02/12,water,MF9,19661.62,ML,Steenbras Lower,
March 2012,01/03/12,31/03/12,water,MF9,16657.32,ML,Steenbras Lower,
April 2012,01/04/12,30/04/12,water,MF9,14665.47,ML,Steenbras Lower,
May 2012,01/05/12,31/05/12,water,MF9,14907.61,ML,Steenbras Lower,
June 2012,01/06/12,30/06/12,water,MF9,16945.07,ML,Steenbras Lower,
July 2012,01/07/12,31/07/12,water,MF9,24545.35,ML,Steenbras Lower,
August 2012,01/08/12,31/08/12,water,MF9,32887.61,ML,Steenbras Lower,
September 2012,01/09/12,30/09/12,water,MF9,33059.9,ML,Steenbras Lower,
October 2012,01/10/12,31/10/12,water,MF9,33438.55,ML,Steenbras Lower,
November 2012,01/11/12,30/11/12,water,MF9,30975.8,ML,Steenbras Lower,
December 2012,01/12/12,31/12/12,water,MF9,27118.74,ML,Steenbras Lower,
January 2013,01/01/13,31/01/13,water,MF9,23685.16,ML,Steenbras Lower,
February 2013,01/02/13,28/02/13,water,MF9,20398.71,ML,Steenbras Lower,
March 2013,01/03/13,31/03/13,water,MF9,17587.94,ML,Steenbras Lower,
April 2013,01/04/13,30/04/13,water,MF9,15300.57,ML,Steenbras Lower,
May 2013,01/05/13,31/05/13,water,MF9,16320.35,ML,Steenbras Lower,
June 2013,01/06/13,30/06/13,water,MF9,22958.63,ML,Steenbras Lower,
July 2013,01/07/13,31/07/13,water,MF9,27242.19,ML,Steenbras Lower,
August 2013,01/08/13,31/08/13,water,MF9,32546.0,ML,Steenbras Lower,
September 2013,01/09/13,30/09/13,water,MF9,33736.8,ML,Steenbras Lower,
October 2013,01/10/13,31/10/13,water,MF9,32631.13,ML,Steenbras Lower,
November 2013,01/11/13,30/11/13,water,MF9,33110.13,ML,Steenbras Lower,
December 2013,01/12/13,31/12/13,water,MF9,30327.19,ML,Steenbras Lower,
January 2014,01/01/14,31/01/14,water,MF9,27204.87,ML,Steenbras Lower,
February 2014,01/02/14,28/02/14,water,MF9,23879.93,ML,Steenbras Lower,
March 2014,01/03/14,31/03/14,water,MF9,20026.61,ML,Steenbras Lower,
April 2014,01/04/14,30/04/14,water,MF9,16841.6,ML,Steenbras Lower,
May 2014,01/05/14,31/05/14,water,MF9,13711.29,ML,Steenbras Lower,
June 2014,01/06/14,30/06/14,water,MF9,20188.47,ML,Steenbras Lower,
July 2014,01/07/14,31/07/14,water,MF9,29234.35,ML,Steenbras Lower,
August 2014,01/08/14,31/08/14,water,MF9,33573.26,ML,Steenbras Lower,
September 2014,01/09/14,30/09/14,water,MF9,32827.67,ML,Steenbras Lower,
October 2014,01/10/14,31/10/14,water,MF9,30830.65,ML,Steenbras Lower,
November 2014,01/11/14,30/11/14,water,MF9,27152.77,ML,Steenbras Lower,
December 2014,01/12/14,31/12/14,water,MF9,23141.48,ML,Steenbras Lower,
January 2015,01/01/15,31/01/15,water,MF9,19252.03,ML,Steenbras Lower,
February 2015,01/02/15,28/02/15,water,MF9,17729.54,ML,Steenbras Lower,
March 2015,01/03/15,31/03/15,water,MF9,16181.06,ML,Steenbras Lower,
April 2015,01/04/15,30/04/15,water,MF9,17663.93,ML,Steenbras Lower,
May 2015,01/05/15,31/05/15,water,MF9,16142.61,ML,Steenbras Lower,
June 2015,01/06/15,30/06/15,water,MF9,17703.2,ML,Steenbras Lower,
July 2015,01/07/15,31/07/15,water,MF9,20019.06,ML,Steenbras Lower,
August 2015,01/08/15,31/08/15,water,MF9,29190.32,ML,Steenbras Lower,
September 2015,01/09/15,30/09/15,water,MF9,30250.17,ML,Steenbras Lower,
October 2015,01/10/15,31/10/15,water,MF9,28772.26,ML,Steenbras Lower,
November 2015,01/11/15,30/11/15,water,MF9,25914.37,ML,Steenbras Lower,
December 2015,01/12/15,31/12/15,water,MF9,22463.13,ML,Steenbras Lower,
January 2016,01/01/16,31/01/16,water,MF9,18330.61,ML,Steenbras Lower,
February 2016,01/02/16,29/02/16,water,MF9,15293.76,ML,Steenbras Lower,
March 2016,01/03/16,31/03/16,water,MF9,15612.03,ML,Steenbras Lower,
April 2016,01/04/16,30/04/16,water,MF9,13173.17,ML,Steenbras Lower,
May 2016,01/05/16,31/05/16,water,MF9,12557.77,ML,Steenbras Lower,
June 2016,01/06/16,30/06/16,water,MF9,11553.6,ML,Steenbras Lower,
July 2016,01/07/16,31/07/16,water,MF9,14947.45,ML,Steenbras Lower,
August 2016,01/08/16,31/08/16,water,MF9,21523.13,ML,Steenbras Lower,
September 2016,01/09/16,30/09/16,water,MF9,23163.37,ML,Steenbras Lower,
October 2016,01/10/16,31/10/16,water,MF9,21366.42,ML,Steenbras Lower,
November 2016,01/11/16,30/11/16,water,MF9,18296.37,ML,Steenbras Lower,
December 2016,01/12/16,31/12/16,water,MF9,14755.97,ML,Steenbras Lower,
January 2017,01/01/17,31/01/17,water,MF9,13115.62,ML,Steenbras Lower,
February 2017,01/02/17,28/02/17,water,MF9,13846.31,ML,Steenbras Lower,
March 2017,01/03/17,31/03/17,water,MF9,11337.81,ML,Steenbras Lower,
April 2017,01/04/17,30/04/17,water,MF9,10885.39,ML,Steenbras Lower,
May 2017,01/05/17,31/05/17,water,MF9,8454.55,ML,Steenbras Lower,
June 2017,01/06/17,30/06/17,water,MF9,9458.68,ML,Steenbras Lower,
July 2017,01/07/17,31/07/17,water,MF9,9814.72,ML,Steenbras Lower,
August 2017,01/08/17,31/08/17,water,MF9,10256.22,ML,Steenbras Lower,
September 2017,01/09/17,30/09/17,water,MF9,15019.45,ML,Steenbras Lower,
October 2017,01/10/17,31/10/17,water,MF9,15829.59,ML,Steenbras Lower,
November 2017,01/11/17,30/11/17,water,MF9,17818.16,ML,Steenbras Lower,
December 2017,01/12/17,31/12/17,water,MF9,17668.41,ML,Steenbras Lower,
January 2018,01/01/18,31/01/18,water,MF9,15772.87,ML,Steenbras Lower,
February 2018,01/02/18,28/02/18,water,MF9,13458.5,ML,Steenbras Lower,
March 2018,01/03/18,31/03/18,water,MF9,13056.61,ML,Steenbras Lower,
April 2018,01/04/18,30/04/18,water,MF9,12983.87,ML,Steenbras Lower,
May 2018,01/05/18,31/05/18,water,MF9,11871.68,ML,Steenbras Lower,
June 2018,01/06/18,30/06/18,water,MF9,14347.3,ML,Steenbras Lower,
July 2018,01/07/18,31/07/18,water,MF9,18809.29,ML,Steenbras Lower,
August 2018,01/08/18,31/08/18,water,MF9,22080.97,ML,Steenbras Lower,
September 2018,01/09/18,30/09/18,water,MF9,29588.73,ML,Steenbras Lower,
October 2018,01/10/18,31/10/18,water,MF9,30222.55,ML,Steenbras Lower,
November 2018,01/11/18,30/11/18,water,MF9,27697.93,ML,Steenbras Lower,
December 2018,01/12/18,31/12/18,water,MF9,24499.06,ML,Steenbras Lower,
January 2019,01/01/19,31/01/19,water,MF9,21247.61,ML,Steenbras Lower,
February 2019,01/02/19,28/02/19,water,MF9,18727.46,ML,Steenbras Lower,
March 2019,01/03/19,31/03/19,water,MF9,16816.61,ML,Steenbras Lower,
April 2019,01/04/19,30/04/19,water,MF9,14633.03,ML,Steenbras Lower,
May 2019,01/05/19,31/05/19,water,MF9,13254.2,ML,Steenbras Lower,
January 2012,01/01/12,31/01/12,water,MF9,29651.52,ML,Steenbras Upper,
February 2012,01/02/12,29/02/12,water,MF9,28981.21,ML,Steenbras Upper,
March 2012,01/03/12,31/03/12,water,MF9,23682.87,ML,Steenbras Upper,
April 2012,01/04/12,30/04/12,water,MF9,15534.73,ML,Steenbras Upper,
May 2012,01/05/12,31/05/12,water,MF9,14544.39,ML,Steenbras Upper,
June 2012,01/06/12,30/06/12,water,MF9,20565.5,ML,Steenbras Upper,
July 2012,01/07/12,31/07/12,water,MF9,30716.71,ML,Steenbras Upper,
August 2012,01/08/12,31/08/12,water,MF9,31697.84,ML,Steenbras Upper,
September 2012,01/09/12,30/09/12,water,MF9,30786.67,ML,Steenbras Upper,
October 2012,01/10/12,31/10/12,water,MF9,32388.87,ML,Steenbras Upper,
November 2012,01/11/12,30/11/12,water,MF9,31932.7,ML,Steenbras Upper,
December 2012,01/12/12,31/12/12,water,MF9,29426.97,ML,Steenbras Upper,
January 2013,01/01/13,31/01/13,water,MF9,28607.06,ML,Steenbras Upper,
February 2013,01/02/13,28/02/13,water,MF9,26257.39,ML,Steenbras Upper,
March 2013,01/03/13,31/03/13,water,MF9,23719.74,ML,Steenbras Upper,
April 2013,01/04/13,30/04/13,water,MF9,22808.77,ML,Steenbras Upper,
May 2013,01/05/13,31/05/13,water,MF9,21951.29,ML,Steenbras Upper,
June 2013,01/06/13,30/06/13,water,MF9,26301.93,ML,Steenbras Upper,
July 2013,01/07/13,31/07/13,water,MF9,28714.77,ML,Steenbras Upper,
August 2013,01/08/13,31/08/13,water,MF9,31847.94,ML,Steenbras Upper,
September 2013,01/09/13,30/09/13,water,MF9,32084.2,ML,Steenbras Upper,
October 2013,01/10/13,31/10/13,water,MF9,31915.35,ML,Steenbras Upper,
November 2013,01/11/13,30/11/13,water,MF9,31716.43,ML,Steenbras Upper,
December 2013,01/12/13,31/12/13,water,MF9,31034.94,ML,Steenbras Upper,
January 2014,01/01/14,31/01/14,water,MF9,31427.42,ML,Steenbras Upper,
February 2014,01/02/14,28/02/14,water,MF9,31172.96,ML,Steenbras Upper,
March 2014,01/03/14,31/03/14,water,MF9,29468.39,ML,Steenbras Upper,
April 2014,01/04/14,30/04/14,water,MF9,27027.4,ML,Steenbras Upper,
May 2014,01/05/14,31/05/14,water,MF9,24714.23,ML,Steenbras Upper,
June 2014,01/06/14,30/06/14,water,MF9,29003.57,ML,Steenbras Upper,
July 2014,01/07/14,31/07/14,water,MF9,31614.35,ML,Steenbras Upper,
August 2014,01/08/14,31/08/14,water,MF9,32033.16,ML,Steenbras Upper,
September 2014,01/09/14,30/09/14,water,MF9,32092.0,ML,Steenbras Upper,
October 2014,01/10/14,31/10/14,water,MF9,32010.39,ML,Steenbras Upper,
November 2014,01/11/14,30/11/14,water,MF9,31450.53,ML,Steenbras Upper,
December 2014,01/12/14,31/12/14,water,MF9,31537.71,ML,Steenbras Upper,
January 2015,01/01/15,31/01/15,water,MF9,31076.65,ML,Steenbras Upper,
February 2015,01/02/15,28/02/15,water,MF9,28394.43,ML,Steenbras Upper,
March 2015,01/03/15,31/03/15,water,MF9,25630.77,ML,Steenbras Upper,
April 2015,01/04/15,30/04/15,water,MF9,19642.73,ML,Steenbras Upper,
May 2015,01/05/15,31/05/15,water,MF9,18352.0,ML,Steenbras Upper,
June 2015,01/06/15,30/06/15,water,MF9,18114.63,ML,Steenbras Upper,
July 2015,01/07/15,31/07/15,water,MF9,22810.39,ML,Steenbras Upper,
August 2015,01/08/15,31/08/15,water,MF9,31849.97,ML,Steenbras Upper,
September 2015,01/09/15,30/09/15,water,MF9,30386.6,ML,Steenbras Upper,
October 2015,01/10/15,31/10/15,water,MF9,30089.42,ML,Steenbras Upper,
November 2015,01/11/15,30/11/15,water,MF9,27254.5,ML,Steenbras Upper,
December 2015,01/12/15,31/12/15,water,MF9,24974.32,ML,Steenbras Upper,
January 2016,01/01/16,31/01/16,water,MF9,24507.26,ML,Steenbras Upper,
February 2016,01/02/16,29/02/16,water,MF9,23257.48,ML,Steenbras Upper,
March 2016,01/03/16,31/03/16,water,MF9,18842.42,ML,Steenbras Upper,
April 2016,01/04/16,30/04/16,water,MF9,18401.7,ML,Steenbras Upper,
May 2016,01/05/16,31/05/16,water,MF9,17886.97,ML,Steenbras Upper,
June 2016,01/06/16,30/06/16,water,MF9,19318.1,ML,Steenbras Upper,
July 2016,01/07/16,31/07/16,water,MF9,26810.55,ML,Steenbras Upper,
August 2016,01/08/16,31/08/16,water,MF9,31862.68,ML,Steenbras Upper,
September 2016,01/09/16,30/09/16,water,MF9,30981.37,ML,Steenbras Upper,
October 2016,01/10/16,31/10/16,water,MF9,29130.23,ML,Steenbras Upper,
November 2016,01/11/16,30/11/16,water,MF9,26932.47,ML,Steenbras Upper,
December 2016,01/12/16,31/12/16,water,MF9,24219.9,ML,Steenbras Upper,
January 2017,01/01/17,31/01/17,water,MF9,21995.22,ML,Steenbras Upper,
February 2017,01/02/17,28/02/17,water,MF9,18280.1,ML,Steenbras Upper,
March 2017,01/03/17,31/03/17,water,MF9,17713.72,ML,Steenbras Upper,
April 2017,01/04/17,30/04/17,water,MF9,16663.32,ML,Steenbras Upper,
May 2017,01/05/17,31/05/17,water,MF9,17864.3,ML,Steenbras Upper,
June 2017,01/06/17,30/06/17,water,MF9,17894.61,ML,Steenbras Upper,
July 2017,01/07/17,31/07/17,water,MF9,22830.31,ML,Steenbras Upper,
August 2017,01/08/17,31/08/17,water,MF9,29227.94,ML,Steenbras Upper,
September 2017,01/09/17,30/09/17,water,MF9,31462.13,ML,Steenbras Upper,
October 2017,01/10/17,31/10/17,water,MF9,31483.53,ML,Steenbras Upper,
November 2017,01/11/17,30/11/17,water,MF9,31391.48,ML,Steenbras Upper,
December 2017,01/12/17,31/12/17,water,MF9,31042.22,ML,Steenbras Upper,
January 2018,01/01/18,31/01/18,water,MF9,28782.52,ML,Steenbras Upper,
February 2018,01/02/18,28/02/18,water,MF9,27030.39,ML,Steenbras Upper,
March 2018,01/03/18,31/03/18,water,MF9,27665.1,ML,Steenbras Upper,
April 2018,01/04/18,30/04/18,water,MF9,21909.27,ML,Steenbras Upper,
May 2018,01/05/18,31/05/18,water,MF9,18744.45,ML,Steenbras Upper,
June 2018,01/06/18,30/06/18,water,MF9,25519.03,ML,Steenbras Upper,
July 2018,01/07/18,31/07/18,water,MF9,31552.52,ML,Steenbras Upper,
August 2018,01/08/18,31/08/18,water,MF9,31368.26,ML,Steenbras Upper,
September 2018,01/09/18,30/09/18,water,MF9,30566.9,ML,Steenbras Upper,
October 2018,01/10/18,31/10/18,water,MF9,26186.97,ML,Steenbras Upper,
November 2018,01/11/18,30/11/18,water,MF9,20950.03,ML,Steenbras Upper,
December 2018,01/12/18,31/12/18,water,MF9,21982.52,ML,Steenbras Upper,
January 2019,01/01/19,31/01/19,water,MF9,22390.71,ML,Steenbras Upper,
February 2019,01/02/19,28/02/19,water,MF9,22342.14,ML,Steenbras Upper,
March 2019,01/03/19,31/03/19,water,MF9,22207.84,ML,Steenbras Upper,
April 2019,01/04/19,30/04/19,water,MF9,21886.87,ML,Steenbras Upper,
May 2019,01/05/19,31/05/19,water,MF9,21153.63,ML,Steenbras Upper,
January 2012,01/01/12,31/01/12,water,MF9,116128.35,ML,Voëlvlei,
February 2012,01/02/12,29/02/12,water,MF9,99415.79,ML,Voëlvlei,
March 2012,01/03/12,31/03/12,water,MF9,85015.42,ML,Voëlvlei,
April 2012,01/04/12,30/04/12,water,MF9,73939.57,ML,Voëlvlei,
May 2012,01/05/12,31/05/12,water,MF9,69765.58,ML,Voëlvlei,
June 2012,01/06/12,30/06/12,water,MF9,73968.4,ML,Voëlvlei,
July 2012,01/07/12,31/07/12,water,MF9,97981.26,ML,Voëlvlei,
August 2012,01/08/12,31/08/12,water,MF9,125437.1,ML,Voëlvlei,
September 2012,01/09/12,30/09/12,water,MF9,161287.57,ML,Voëlvlei,
October 2012,01/10/12,31/10/12,water,MF9,162616.35,ML,Voëlvlei,
November 2012,01/11/12,30/11/12,water,MF9,155492.93,ML,Voëlvlei,
December 2012,01/12/12,31/12/12,water,MF9,143271.65,ML,Voëlvlei,
January 2013,01/01/13,31/01/13,water,MF9,126561.52,ML,Voëlvlei,
February 2013,01/02/13,28/02/13,water,MF9,109975.86,ML,Voëlvlei,
March 2013,01/03/13,31/03/13,water,MF9,96282.29,ML,Voëlvlei,
April 2013,01/04/13,30/04/13,water,MF9,87579.57,ML,Voëlvlei,
May 2013,01/05/13,31/05/13,water,MF9,84583.65,ML,Voëlvlei,
June 2013,01/06/13,30/06/13,water,MF9,104463.37,ML,Voëlvlei,
July 2013,01/07/13,31/07/13,water,MF9,130076.39,ML,Voëlvlei,
August 2013,01/08/13,31/08/13,water,MF9,156047.23,ML,Voëlvlei,
September 2013,01/09/13,30/09/13,water,MF9,167011.03,ML,Voëlvlei,
October 2013,01/10/13,31/10/13,water,MF9,163367.55,ML,Voëlvlei,
November 2013,01/11/13,30/11/13,water,MF9,160726.17,ML,Voëlvlei,
December 2013,01/12/13,31/12/13,water,MF9,150799.32,ML,Voëlvlei,
January 2014,01/01/14,31/01/14,water,MF9,140960.61,ML,Voëlvlei,
February 2014,01/02/14,28/02/14,water,MF9,127298.75,ML,Voëlvlei,
March 2014,01/03/14,31/03/14,water,MF9,111900.42,ML,Voëlvlei,
April 2014,01/04/14,30/04/14,water,MF9,101957.03,ML,Voëlvlei,
May 2014,01/05/14,31/05/14,water,MF9,96723.19,ML,Voëlvlei,
June 2014,01/06/14,30/06/14,water,MF9,120313.6,ML,Voëlvlei,
July 2014,01/07/14,31/07/14,water,MF9,150440.94,ML,Voëlvlei,
August 2014,01/08/14,31/08/14,water,MF9,164432.94,ML,Voëlvlei,
September 2014,01/09/14,30/09/14,water,MF9,164553.23,ML,Voëlvlei,
October 2014,01/10/14,31/10/14,water,MF9,162867.13,ML,Voëlvlei,
November 2014,01/11/14,30/11/14,water,MF9,154739.5,ML,Voëlvlei,
December 2014,01/12/14,31/12/14,water,MF9,142308.0,ML,Voëlvlei,
January 2015,01/01/15,31/01/15,water,MF9,126108.03,ML,Voëlvlei,
February 2015,01/02/15,28/02/15,water,MF9,110296.46,ML,Voëlvlei,
March 2015,01/03/15,31/03/15,water,MF9,95258.9,ML,Voëlvlei,
April 2015,01/04/15,30/04/15,water,MF9,81112.63,ML,Voëlvlei,
May 2015,01/05/15,31/05/15,water,MF9,69797.48,ML,Voëlvlei,
June 2015,01/06/15,30/06/15,water,MF9,64594.37,ML,Voëlvlei,
July 2015,01/07/15,31/07/15,water,MF9,67978.45,ML,Voëlvlei,
August 2015,01/08/15,31/08/15,water,MF9,81048.13,ML,Voëlvlei,
September 2015,01/09/15,30/09/15,water,MF9,81330.7,ML,Voëlvlei,
October 2015,01/10/15,31/10/15,water,MF9,75868.23,ML,Voëlvlei,
November 2015,01/11/15,30/11/15,water,MF9,66360.43,ML,Voëlvlei,
December 2015,01/12/15,31/12/15,water,MF9,56094.06,ML,Voëlvlei,
January 2016,01/01/16,31/01/16,water,MF9,46290.61,ML,Voëlvlei,
February 2016,01/02/16,29/02/16,water,MF9,39387.97,ML,Voëlvlei,
March 2016,01/03/16,31/03/16,water,MF9,34507.74,ML,Voëlvlei,
April 2016,01/04/16,30/04/16,water,MF9,31854.57,ML,Voëlvlei,
May 2016,01/05/16,31/05/16,water,MF9,34729.03,ML,Voëlvlei,
June 2016,01/06/16,30/06/16,water,MF9,38032.17,ML,Voëlvlei,
July 2016,01/07/16,31/07/16,water,MF9,64651.65,ML,Voëlvlei,
August 2016,01/08/16,31/08/16,water,MF9,95502.94,ML,Voëlvlei,
September 2016,01/09/16,30/09/16,water,MF9,111146.2,ML,Voëlvlei,
October 2016,01/10/16,31/10/16,water,MF9,117238.68,ML,Voëlvlei,
November 2016,01/11/16,30/11/16,water,MF9,109819.77,ML,Voëlvlei,
December 2016,01/12/16,31/12/16,water,MF9,94546.23,ML,Voëlvlei,
January 2017,01/01/17,31/01/17,water,MF9,75538.0,ML,Voëlvlei,
February 2017,01/02/17,28/02/17,water,MF9,59991.34,ML,Voëlvlei,
March 2017,01/03/17,31/03/17,water,MF9,45791.62,ML,Voëlvlei,
April 2017,01/04/17,30/04/17,water,MF9,34509.1,ML,Voëlvlei,
May 2017,01/05/17,31/05/17,water,MF9,26423.55,ML,Voëlvlei,
June 2017,01/06/17,30/06/17,water,MF9,28595.1,ML,Voëlvlei,
July 2017,01/07/17,31/07/17,water,MF9,34023.12,ML,Voëlvlei,
August 2017,01/08/17,31/08/17,water,MF9,37558.0,ML,Voëlvlei,
September 2017,01/09/17,30/09/17,water,MF9,42855.39,ML,Voëlvlei,
October 2017,01/10/17,31/10/17,water,MF9,44436.19,ML,Voëlvlei,
November 2017,01/11/17,30/11/17,water,MF9,44380.77,ML,Voëlvlei,
December 2017,01/12/17,31/12/17,water,MF9,39463.81,ML,Voëlvlei,
January 2018,01/01/18,31/01/18,water,MF9,32081.65,ML,Voëlvlei,
February 2018,01/02/18,28/02/18,water,MF9,27691.14,ML,Voëlvlei,
March 2018,01/03/18,31/03/18,water,MF9,24612.39,ML,Voëlvlei,
April 2018,01/04/18,30/04/18,water,MF9,23183.97,ML,Voëlvlei,
May 2018,01/05/18,31/05/18,water,MF9,24638.9,ML,Voëlvlei,
June 2018,01/06/18,30/06/18,water,MF9,48033.23,ML,Voëlvlei,
July 2018,01/07/18,31/07/18,water,MF9,87619.65,ML,Voëlvlei,
August 2018,01/08/18,31/08/18,water,MF9,104228.0,ML,Voëlvlei,
September 2018,01/09/18,30/09/18,water,MF9,137482.8,ML,Voëlvlei,
October 2018,01/10/18,31/10/18,water,MF9,158034.19,ML,Voëlvlei,
November 2018,01/11/18,30/11/18,water,MF9,153668.37,ML,Voëlvlei,
December 2018,01/12/18,31/12/18,water,MF9,143759.52,ML,Voëlvlei,
January 2019,01/01/19,31/01/19,water,MF9,131139.48,ML,Voëlvlei,
February 2019,01/02/19,28/02/19,water,MF9,116269.07,ML,Voëlvlei,
March 2019,01/03/19,31/03/19,water,MF9,104313.48,ML,Voëlvlei,
April 2019,01/04/19,30/04/19,water,MF9,96304.97,ML,Voëlvlei,
May 2019,01/05/19,31/05/19,water,MF9,91126.4,ML,Voëlvlei,
January 2012,01/01/12,31/01/12,water,MF9,770.03,ML,Hely-Hutchinson,
February 2012,01/02/12,29/02/12,water,MF9,426.79,ML,Hely-Hutchinson,
March 2012,01/03/12,31/03/12,water,MF9,122.42,ML,Hely-Hutchinson,
April 2012,01/04/12,30/04/12,water,MF9,2.63,ML,Hely-Hutchinson,
May 2012,01/05/12,31/05/12,water,MF9,0.0,ML,Hely-Hutchinson,
June 2012,01/06/12,30/06/12,water,MF9,232.07,ML,Hely-Hutchinson,
July 2012,01/07/12,31/07/12,water,MF9,821.45,ML,Hely-Hutchinson,
August 2012,01/08/12,31/08/12,water,MF9,930.06,ML,Hely-Hutchinson,
September 2012,01/09/12,30/09/12,water,MF9,927.47,ML,Hely-Hutchinson,
October 2012,01/10/12,31/10/12,water,MF9,925.45,ML,Hely-Hutchinson,
November 2012,01/11/12,30/11/12,water,MF9,920.03,ML,Hely-Hutchinson,
December 2012,01/12/12,31/12/12,water,MF9,908.77,ML,Hely-Hutchinson,
January 2013,01/01/13,31/01/13,water,MF9,879.84,ML,Hely-Hutchinson,
February 2013,01/02/13,28/02/13,water,MF9,619.25,ML,Hely-Hutchinson,
March 2013,01/03/13,31/03/13,water,MF9,71.42,ML,Hely-Hutchinson,
April 2013,01/04/13,30/04/13,water,MF9,99.23,ML,Hely-Hutchinson,
May 2013,01/05/13,31/05/13,water,MF9,335.61,ML,Hely-Hutchinson,
June 2013,01/06/13,30/06/13,water,MF9,893.4,ML,Hely-Hutchinson,
July 2013,01/07/13,31/07/13,water,MF9,929.94,ML,Hely-Hutchinson,
August 2013,01/08/13,31/08/13,water,MF9,932.39,ML,Hely-Hutchinson,
September 2013,01/09/13,30/09/13,water,MF9,931.1,ML,Hely-Hutchinson,
October 2013,01/10/13,31/10/13,water,MF9,915.55,ML,Hely-Hutchinson,
November 2013,01/11/13,30/11/13,water,MF9,892.47,ML,Hely-Hutchinson,
December 2013,01/12/13,31/12/13,water,MF9,909.13,ML,Hely-Hutchinson,
January 2014,01/01/14,31/01/14,water,MF9,913.26,ML,Hely-Hutchinson,
February 2014,01/02/14,28/02/14,water,MF9,828.36,ML,Hely-Hutchinson,
March 2014,01/03/14,31/03/14,water,MF9,388.58,ML,Hely-Hutchinson,
April 2014,01/04/14,30/04/14,water,MF9,321.53,ML,Hely-Hutchinson,
May 2014,01/05/14,31/05/14,water,MF9,215.48,ML,Hely-Hutchinson,
June 2014,01/06/14,30/06/14,water,MF9,572.17,ML,Hely-Hutchinson,
July 2014,01/07/14,31/07/14,water,MF9,920.26,ML,Hely-Hutchinson,
August 2014,01/08/14,31/08/14,water,MF9,929.19,ML,Hely-Hutchinson,
September 2014,01/09/14,30/09/14,water,MF9,923.27,ML,Hely-Hutchinson,
October 2014,01/10/14,31/10/14,water,MF9,749.61,ML,Hely-Hutchinson,
November 2014,01/11/14,30/11/14,water,MF9,388.5,ML,Hely-Hutchinson,
December 2014,01/12/14,31/12/14,water,MF9,361.39,ML,Hely-Hutchinson,
January 2015,01/01/15,31/01/15,water,MF9,398.9,ML,Hely-Hutchinson,
February 2015,01/02/15,28/02/15,water,MF9,96.64,ML,Hely-Hutchinson,
March 2015,01/03/15,31/03/15,water,MF9,0.0,ML,Hely-Hutchinson,
April 2015,01/04/15,30/04/15,water,MF9,0.0,ML,Hely-Hutchinson,
May 2015,01/05/15,31/05/15,water,MF9,9.97,ML,Hely-Hutchinson,
June 2015,01/06/15,30/06/15,water,MF9,434.33,ML,Hely-Hutchinson,
July 2015,01/07/15,31/07/15,water,MF9,791.58,ML,Hely-Hutchinson,
August 2015,01/08/15,31/08/15,water,MF9,927.74,ML,Hely-Hutchinson,
September 2015,01/09/15,30/09/15,water,MF9,925.8,ML,Hely-Hutchinson,
October 2015,01/10/15,31/10/15,water,MF9,924.65,ML,Hely-Hutchinson,
November 2015,01/11/15,30/11/15,water,MF9,923.73,ML,Hely-Hutchinson,
December 2015,01/12/15,31/12/15,water,MF9,918.61,ML,Hely-Hutchinson,
January 2016,01/01/16,31/01/16,water,MF9,883.81,ML,Hely-Hutchinson,
February 2016,01/02/16,29/02/16,water,MF9,794.97,ML,Hely-Hutchinson,
March 2016,01/03/16,31/03/16,water,MF9,716.45,ML,Hely-Hutchinson,
April 2016,01/04/16,30/04/16,water,MF9,614.2,ML,Hely-Hutchinson,
May 2016,01/05/16,31/05/16,water,MF9,557.71,ML,Hely-Hutchinson,
June 2016,01/06/16,30/06/16,water,MF9,595.6,ML,Hely-Hutchinson,
July 2016,01/07/16,31/07/16,water,MF9,922.68,ML,Hely-Hutchinson,
August 2016,01/08/16,31/08/16,water,MF9,927.45,ML,Hely-Hutchinson,
September 2016,01/09/16,30/09/16,water,MF9,926.97,ML,Hely-Hutchinson,
October 2016,01/10/16,31/10/16,water,MF9,924.26,ML,Hely-Hutchinson,
November 2016,01/11/16,30/11/16,water,MF9,908.13,ML,Hely-Hutchinson,
December 2016,01/12/16,31/12/16,water,MF9,911.45,ML,Hely-Hutchinson,
January 2017,01/01/17,31/01/17,water,MF9,898.41,ML,Hely-Hutchinson,
February 2017,01/02/17,28/02/17,water,MF9,895.31,ML,Hely-Hutchinson,
March 2017,01/03/17,31/03/17,water,MF9,874.5,ML,Hely-Hutchinson,
April 2017,01/04/17,30/04/17,water,MF9,895.9,ML,Hely-Hutchinson,
May 2017,01/05/17,31/05/17,water,MF9,910.7,ML,Hely-Hutchinson,
June 2017,01/06/17,30/06/17,water,MF9,924.74,ML,Hely-Hutchinson,
July 2017,01/07/17,31/07/17,water,MF9,926.47,ML,Hely-Hutchinson,
August 2017,01/08/17,31/08/17,water,MF9,927.25,ML,Hely-Hutchinson,
September 2017,01/09/17,30/09/17,water,MF9,925.32,ML,Hely-Hutchinson,
October 2017,01/10/17,31/10/17,water,MF9,926.53,ML,Hely-Hutchinson,
November 2017,01/11/17,30/11/17,water,MF9,923.94,ML,Hely-Hutchinson,
December 2017,01/12/17,31/12/17,water,MF9,910.94,ML,Hely-Hutchinson,
January 2018,01/01/18,31/01/18,water,MF9,910.87,ML,Hely-Hutchinson,
February 2018,01/02/18,28/02/18,water,MF9,894.14,ML,Hely-Hutchinson,
March 2018,01/03/18,31/03/18,water,MF9,872.0,ML,Hely-Hutchinson,
April 2018,01/04/18,30/04/18,water,MF9,720.5,ML,Hely-Hutchinson,
May 2018,01/05/18,31/05/18,water,MF9,660.87,ML,Hely-Hutchinson,
June 2018,01/06/18,30/06/18,water,MF9,919.97,ML,Hely-Hutchinson,
July 2018,01/07/18,31/07/18,water,MF9,926.1,ML,Hely-Hutchinson,
August 2018,01/08/18,31/08/18,water,MF9,905.71,ML,Hely-Hutchinson,
September 2018,01/09/18,30/09/18,water,MF9,929.97,ML,Hely-Hutchinson,
October 2018,01/10/18,31/10/18,water,MF9,915.71,ML,Hely-Hutchinson,
November 2018,01/11/18,30/11/18,water,MF9,894.57,ML,Hely-Hutchinson,
December 2018,01/12/18,31/12/18,water,MF9,913.42,ML,Hely-Hutchinson,
January 2019,01/01/19,31/01/19,water,MF9,911.32,ML,Hely-Hutchinson,
February 2019,01/02/19,28/02/19,water,MF9,777.32,ML,Hely-Hutchinson,
March 2019,01/03/19,31/03/19,water,MF9,308.87,ML,Hely-Hutchinson,
April 2019,01/04/19,30/04/19,water,MF9,39.33,ML,Hely-Hutchinson,
May 2019,01/05/19,31/05/19,water,MF9,64.43,ML,Hely-Hutchinson,
January 2012,01/01/12,31/01/12,water,MF9,648.81,ML,Woodhead,
February 2012,01/02/12,29/02/12,water,MF9,686.45,ML,Woodhead,
March 2012,01/03/12,31/03/12,water,MF9,640.87,ML,Woodhead,
April 2012,01/04/12,30/04/12,water,MF9,444.77,ML,Woodhead,
May 2012,01/05/12,31/05/12,water,MF9,676.0,ML,Woodhead,
June 2012,01/06/12,30/06/12,water,MF9,702.53,ML,Woodhead,
July 2012,01/07/12,31/07/12,water,MF9,858.16,ML,Woodhead,
August 2012,01/08/12,31/08/12,water,MF9,932.61,ML,Woodhead,
September 2012,01/09/12,30/09/12,water,MF9,858.63,ML,Woodhead,
October 2012,01/10/12,31/10/12,water,MF9,884.03,ML,Woodhead,
November 2012,01/11/12,30/11/12,water,MF9,752.17,ML,Woodhead,
December 2012,01/12/12,31/12/12,water,MF9,766.39,ML,Woodhead,
January 2013,01/01/13,31/01/13,water,MF9,665.29,ML,Woodhead,
February 2013,01/02/13,28/02/13,water,MF9,441.82,ML,Woodhead,
March 2013,01/03/13,31/03/13,water,MF9,614.58,ML,Woodhead,
April 2013,01/04/13,30/04/13,water,MF9,802.97,ML,Woodhead,
May 2013,01/05/13,31/05/13,water,MF9,563.39,ML,Woodhead,
June 2013,01/06/13,30/06/13,water,MF9,529.23,ML,Woodhead,
July 2013,01/07/13,31/07/13,water,MF9,661.03,ML,Woodhead,
August 2013,01/08/13,31/08/13,water,MF9,864.81,ML,Woodhead,
September 2013,01/09/13,30/09/13,water,MF9,944.13,ML,Woodhead,
October 2013,01/10/13,31/10/13,water,MF9,697.23,ML,Woodhead,
November 2013,01/11/13,30/11/13,water,MF9,801.5,ML,Woodhead,
December 2013,01/12/13,31/12/13,water,MF9,835.74,ML,Woodhead,
January 2014,01/01/14,31/01/14,water,MF9,775.48,ML,Woodhead,
February 2014,01/02/14,28/02/14,water,MF9,582.68,ML,Woodhead,
March 2014,01/03/14,31/03/14,water,MF9,610.81,ML,Woodhead,
April 2014,01/04/14,30/04/14,water,MF9,644.03,ML,Woodhead,
May 2014,01/05/14,31/05/14,water,MF9,484.23,ML,Woodhead,
June 2014,01/06/14,30/06/14,water,MF9,569.73,ML,Woodhead,
July 2014,01/07/14,31/07/14,water,MF9,697.29,ML,Woodhead,
August 2014,01/08/14,31/08/14,water,MF9,916.94,ML,Woodhead,
September 2014,01/09/14,30/09/14,water,MF9,779.13,ML,Woodhead,
October 2014,01/10/14,31/10/14,water,MF9,582.06,ML,Woodhead,
November 2014,01/11/14,30/11/14,water,MF9,688.97,ML,Woodhead,
December 2014,01/12/14,31/12/14,water,MF9,674.94,ML,Woodhead,
January 2015,01/01/15,31/01/15,water,MF9,641.77,ML,Woodhead,
February 2015,01/02/15,28/02/15,water,MF9,706.43,ML,Woodhead,
March 2015,01/03/15,31/03/15,water,MF9,506.26,ML,Woodhead,
April 2015,01/04/15,30/04/15,water,MF9,481.13,ML,Woodhead,
May 2015,01/05/15,31/05/15,water,MF9,453.94,ML,Woodhead,
June 2015,01/06/15,30/06/15,water,MF9,568.9,ML,Woodhead,
July 2015,01/07/15,31/07/15,water,MF9,699.26,ML,Woodhead,
August 2015,01/08/15,31/08/15,water,MF9,869.16,ML,Woodhead,
September 2015,01/09/15,30/09/15,water,MF9,747.63,ML,Woodhead,
October 2015,01/10/15,31/10/15,water,MF9,606.48,ML,Woodhead,
November 2015,01/11/15,30/11/15,water,MF9,652.77,ML,Woodhead,
December 2015,01/12/15,31/12/15,water,MF9,640.29,ML,Woodhead,
January 2016,01/01/16,31/01/16,water,MF9,605.06,ML,Woodhead,
February 2016,01/02/16,29/02/16,water,MF9,622.24,ML,Woodhead,
March 2016,01/03/16,31/03/16,water,MF9,680.74,ML,Woodhead,
April 2016,01/04/16,30/04/16,water,MF9,768.83,ML,Woodhead,
May 2016,01/05/16,31/05/16,water,MF9,764.74,ML,Woodhead,
June 2016,01/06/16,30/06/16,water,MF9,789.97,ML,Woodhead,
July 2016,01/07/16,31/07/16,water,MF9,832.23,ML,Woodhead,
August 2016,01/08/16,31/08/16,water,MF9,956.1,ML,Woodhead,
September 2016,01/09/16,30/09/16,water,MF9,956.13,ML,Woodhead,
October 2016,01/10/16,31/10/16,water,MF9,953.58,ML,Woodhead,
November 2016,01/11/16,30/11/16,water,MF9,944.57,ML,Woodhead,
December 2016,01/12/16,31/12/16,water,MF9,945.65,ML,Woodhead,
January 2017,01/01/17,31/01/17,water,MF9,929.78,ML,Woodhead,
February 2017,01/02/17,28/02/17,water,MF9,929.45,ML,Woodhead,
March 2017,01/03/17,31/03/17,water,MF9,909.72,ML,Woodhead,
April 2017,01/04/17,30/04/17,water,MF9,772.1,ML,Woodhead,
May 2017,01/05/17,31/05/17,water,MF9,690.3,ML,Woodhead,
June 2017,01/06/17,30/06/17,water,MF9,829.13,ML,Woodhead,
July 2017,01/07/17,31/07/17,water,MF9,868.16,ML,Woodhead,
August 2017,01/08/17,31/08/17,water,MF9,934.62,ML,Woodhead,
September 2017,01/09/17,30/09/17,water,MF9,877.84,ML,Woodhead,
October 2017,01/10/17,31/10/17,water,MF9,873.28,ML,Woodhead,
November 2017,01/11/17,30/11/17,water,MF9,881.32,ML,Woodhead,
December 2017,01/12/17,31/12/17,water,MF9,860.66,ML,Woodhead,
January 2018,01/01/18,31/01/18,water,MF9,893.48,ML,Woodhead,
February 2018,01/02/18,28/02/18,water,MF9,844.96,ML,Woodhead,
March 2018,01/03/18,31/03/18,water,MF9,615.52,ML,Woodhead,
April 2018,01/04/18,30/04/18,water,MF9,553.77,ML,Woodhead,
May 2018,01/05/18,31/05/18,water,MF9,567.87,ML,Woodhead,
June 2018,01/06/18,30/06/18,water,MF9,804.0,ML,Woodhead,
July 2018,01/07/18,31/07/18,water,MF9,799.06,ML,Woodhead,
August 2018,01/08/18,31/08/18,water,MF9,527.65,ML,Woodhead,
September 2018,01/09/18,30/09/18,water,MF9,698.03,ML,Woodhead,
October 2018,01/10/18,31/10/18,water,MF9,724.19,ML,Woodhead,
November 2018,01/11/18,30/11/18,water,MF9,641.67,ML,Woodhead,
December 2018,01/12/18,31/12/18,water,MF9,699.84,ML,Woodhead,
January 2019,01/01/19,31/01/19,water,MF9,725.52,ML,Woodhead,
February 2019,01/02/19,28/02/19,water,MF9,487.14,ML,Woodhead,
March 2019,01/03/19,31/03/19,water,MF9,534.84,ML,Woodhead,
April 2019,01/04/19,30/04/19,water,MF9,547.87,ML,Woodhead,
May 2019,01/05/19,31/05/19,water,MF9,536.3,ML,Woodhead,
January 2012,01/01/12,31/01/12,water,MF9,0.0,ML,Victoria,
February 2012,01/02/12,29/02/12,water,MF9,0.0,ML,Victoria,
March 2012,01/03/12,31/03/12,water,MF9,0.0,ML,Victoria,
April 2012,01/04/12,30/04/12,water,MF9,0.0,ML,Victoria,
May 2012,01/05/12,31/05/12,water,MF9,0.0,ML,Victoria,
June 2012,01/06/12,30/06/12,water,MF9,19.63,ML,Victoria,
July 2012,01/07/12,31/07/12,water,MF9,84.84,ML,Victoria,
August 2012,01/08/12,31/08/12,water,MF9,123.9,ML,Victoria,
September 2012,01/09/12,30/09/12,water,MF9,129.6,ML,Victoria,
October 2012,01/10/12,31/10/12,water,MF9,129.1,ML,Victoria,
November 2012,01/11/12,30/11/12,water,MF9,126.53,ML,Victoria,
December 2012,01/12/12,31/12/12,water,MF9,119.9,ML,Victoria,
January 2013,01/01/13,31/01/13,water,MF9,109.71,ML,Victoria,
February 2013,01/02/13,28/02/13,water,MF9,97.68,ML,Victoria,
March 2013,01/03/13,31/03/13,water,MF9,13.68,ML,Victoria,
April 2013,01/04/13,30/04/13,water,MF9,0.0,ML,Victoria,
May 2013,01/05/13,31/05/13,water,MF9,1.77,ML,Victoria,
June 2013,01/06/13,30/06/13,water,MF9,75.17,ML,Victoria,
July 2013,01/07/13,31/07/13,water,MF9,116.19,ML,Victoria,
August 2013,01/08/13,31/08/13,water,MF9,129.42,ML,Victoria,
September 2013,01/09/13,30/09/13,water,MF9,129.63,ML,Victoria,
October 2013,01/10/13,31/10/13,water,MF9,128.45,ML,Victoria,
November 2013,01/11/13,30/11/13,water,MF9,129.13,ML,Victoria,
December 2013,01/12/13,31/12/13,water,MF9,124.77,ML,Victoria,
January 2014,01/01/14,31/01/14,water,MF9,118.39,ML,Victoria,
February 2014,01/02/14,28/02/14,water,MF9,111.18,ML,Victoria,
March 2014,01/03/14,31/03/14,water,MF9,107.0,ML,Victoria,
April 2014,01/04/14,30/04/14,water,MF9,126.57,ML,Victoria,
May 2014,01/05/14,31/05/14,water,MF9,128.45,ML,Victoria,
June 2014,01/06/14,30/06/14,water,MF9,130.1,ML,Victoria,
July 2014,01/07/14,31/07/14,water,MF9,129.9,ML,Victoria,
August 2014,01/08/14,31/08/14,water,MF9,130.35,ML,Victoria,
September 2014,01/09/14,30/09/14,water,MF9,128.9,ML,Victoria,
October 2014,01/10/14,31/10/14,water,MF9,126.19,ML,Victoria,
November 2014,01/11/14,30/11/14,water,MF9,120.33,ML,Victoria,
December 2014,01/12/14,31/12/14,water,MF9,111.61,ML,Victoria,
January 2015,01/01/15,31/01/15,water,MF9,107.65,ML,Victoria,
February 2015,01/02/15,28/02/15,water,MF9,87.61,ML,Victoria,
March 2015,01/03/15,31/03/15,water,MF9,17.06,ML,Victoria,
April 2015,01/04/15,30/04/15,water,MF9,0.0,ML,Victoria,
May 2015,01/05/15,31/05/15,water,MF9,0.32,ML,Victoria,
June 2015,01/06/15,30/06/15,water,MF9,27.07,ML,Victoria,
July 2015,01/07/15,31/07/15,water,MF9,59.74,ML,Victoria,
August 2015,01/08/15,31/08/15,water,MF9,96.9,ML,Victoria,
September 2015,01/09/15,30/09/15,water,MF9,115.27,ML,Victoria,
October 2015,01/10/15,31/10/15,water,MF9,128.23,ML,Victoria,
November 2015,01/11/15,30/11/15,water,MF9,128.07,ML,Victoria,
December 2015,01/12/15,31/12/15,water,MF9,123.94,ML,Victoria,
January 2016,01/01/16,31/01/16,water,MF9,82.9,ML,Victoria,
February 2016,01/02/16,29/02/16,water,MF9,69.07,ML,Victoria,
March 2016,01/03/16,31/03/16,water,MF9,63.06,ML,Victoria,
April 2016,01/04/16,30/04/16,water,MF9,53.1,ML,Victoria,
May 2016,01/05/16,31/05/16,water,MF9,3.68,ML,Victoria,
June 2016,01/06/16,30/06/16,water,MF9,19.4,ML,Victoria,
July 2016,01/07/16,31/07/16,water,MF9,62.1,ML,Victoria,
August 2016,01/08/16,31/08/16,water,MF9,105.65,ML,Victoria,
September 2016,01/09/16,30/09/16,water,MF9,118.2,ML,Victoria,
October 2016,01/10/16,31/10/16,water,MF9,128.39,ML,Victoria,
November 2016,01/11/16,30/11/16,water,MF9,124.4,ML,Victoria,
December 2016,01/12/16,31/12/16,water,MF9,120.35,ML,Victoria,
January 2017,01/01/17,31/01/17,water,MF9,112.81,ML,Victoria,
February 2017,01/02/17,28/02/17,water,MF9,106.38,ML,Victoria,
March 2017,01/03/17,31/03/17,water,MF9,97.91,ML,Victoria,
April 2017,01/04/17,30/04/17,water,MF9,93.61,ML,Victoria,
May 2017,01/05/17,31/05/17,water,MF9,89.15,ML,Victoria,
June 2017,01/06/17,30/06/17,water,MF9,102.77,ML,Victoria,
July 2017,01/07/17,31/07/17,water,MF9,128.19,ML,Victoria,
August 2017,01/08/17,31/08/17,water,MF9,128.22,ML,Victoria,
September 2017,01/09/17,30/09/17,water,MF9,127.9,ML,Victoria,
October 2017,01/10/17,31/10/17,water,MF9,127.69,ML,Victoria,
November 2017,01/11/17,30/11/17,water,MF9,127.0,ML,Victoria,
December 2017,01/12/17,31/12/17,water,MF9,124.59,ML,Victoria,
January 2018,01/01/18,31/01/18,water,MF9,117.61,ML,Victoria,
February 2018,01/02/18,28/02/18,water,MF9,109.5,ML,Victoria,
March 2018,01/03/18,31/03/18,water,MF9,99.45,ML,Victoria,
April 2018,01/04/18,30/04/18,water,MF9,62.17,ML,Victoria,
May 2018,01/05/18,31/05/18,water,MF9,34.23,ML,Victoria,
June 2018,01/06/18,30/06/18,water,MF9,69.2,ML,Victoria,
July 2018,01/07/18,31/07/18,water,MF9,120.77,ML,Victoria,
August 2018,01/08/18,31/08/18,water,MF9,128.55,ML,Victoria,
September 2018,01/09/18,30/09/18,water,MF9,130.0,ML,Victoria,
October 2018,01/10/18,31/10/18,water,MF9,126.97,ML,Victoria,
November 2018,01/11/18,30/11/18,water,MF9,118.97,ML,Victoria,
December 2018,01/12/18,31/12/18,water,MF9,114.35,ML,Victoria,
January 2019,01/01/19,31/01/19,water,MF9,108.48,ML,Victoria,
February 2019,01/02/19,28/02/19,water,MF9,70.39,ML,Victoria,
March 2019,01/03/19,31/03/19,water,MF9,2.97,ML,Victoria,
April 2019,01/04/19,30/04/19,water,MF9,0.1,ML,Victoria,
May 2019,01/05/19,31/05/19,water,MF9,5.83,ML,Victoria,
January 2012,01/01/12,31/01/12,water,MF9,92.65,ML,Alexandra,
February 2012,01/02/12,29/02/12,water,MF9,60.17,ML,Alexandra,
March 2012,01/03/12,31/03/12,water,MF9,43.23,ML,Alexandra,
April 2012,01/04/12,30/04/12,water,MF9,48.73,ML,Alexandra,
May 2012,01/05/12,31/05/12,water,MF9,69.55,ML,Alexandra,
June 2012,01/06/12,30/06/12,water,MF9,89.4,ML,Alexandra,
July 2012,01/07/12,31/07/12,water,MF9,104.16,ML,Alexandra,
August 2012,01/08/12,31/08/12,water,MF9,113.61,ML,Alexandra,
September 2012,01/09/12,30/09/12,water,MF9,118.83,ML,Alexandra,
October 2012,01/10/12,31/10/12,water,MF9,113.71,ML,Alexandra,
November 2012,01/11/12,30/11/12,water,MF9,112.13,ML,Alexandra,
December 2012,01/12/12,31/12/12,water,MF9,91.65,ML,Alexandra,
January 2013,01/01/13,31/01/13,water,MF9,74.97,ML,Alexandra,
February 2013,01/02/13,28/02/13,water,MF9,61.86,ML,Alexandra,
March 2013,01/03/13,31/03/13,water,MF9,25.94,ML,Alexandra,
April 2013,01/04/13,30/04/13,water,MF9,44.37,ML,Alexandra,
May 2013,01/05/13,31/05/13,water,MF9,65.29,ML,Alexandra,
June 2013,01/06/13,30/06/13,water,MF9,88.13,ML,Alexandra,
July 2013,01/07/13,31/07/13,water,MF9,93.29,ML,Alexandra,
August 2013,01/08/13,31/08/13,water,MF9,120.65,ML,Alexandra,
September 2013,01/09/13,30/09/13,water,MF9,133.0,ML,Alexandra,
October 2013,01/10/13,31/10/13,water,MF9,119.23,ML,Alexandra,
November 2013,01/11/13,30/11/13,water,MF9,124.47,ML,Alexandra,
December 2013,01/12/13,31/12/13,water,MF9,108.26,ML,Alexandra,
January 2014,01/01/14,31/01/14,water,MF9,88.52,ML,Alexandra,
February 2014,01/02/14,28/02/14,water,MF9,74.61,ML,Alexandra,
March 2014,01/03/14,31/03/14,water,MF9,63.71,ML,Alexandra,
April 2014,01/04/14,30/04/14,water,MF9,66.33,ML,Alexandra,
May 2014,01/05/14,31/05/14,water,MF9,65.58,ML,Alexandra,
June 2014,01/06/14,30/06/14,water,MF9,118.83,ML,Alexandra,
July 2014,01/07/14,31/07/14,water,MF9,132.65,ML,Alexandra,
August 2014,01/08/14,31/08/14,water,MF9,133.03,ML,Alexandra,
September 2014,01/09/14,30/09/14,water,MF9,119.57,ML,Alexandra,
October 2014,01/10/14,31/10/14,water,MF9,97.94,ML,Alexandra,
November 2014,01/11/14,30/11/14,water,MF9,79.63,ML,Alexandra,
December 2014,01/12/14,31/12/14,water,MF9,63.58,ML,Alexandra,
January 2015,01/01/15,31/01/15,water,MF9,52.87,ML,Alexandra,
February 2015,01/02/15,28/02/15,water,MF9,56.25,ML,Alexandra,
March 2015,01/03/15,31/03/15,water,MF9,49.97,ML,Alexandra,
April 2015,01/04/15,30/04/15,water,MF9,13.23,ML,Alexandra,
May 2015,01/05/15,31/05/15,water,MF9,0.26,ML,Alexandra,
June 2015,01/06/15,30/06/15,water,MF9,16.63,ML,Alexandra,
July 2015,01/07/15,31/07/15,water,MF9,32.03,ML,Alexandra,
August 2015,01/08/15,31/08/15,water,MF9,46.32,ML,Alexandra,
September 2015,01/09/15,30/09/15,water,MF9,47.0,ML,Alexandra,
October 2015,01/10/15,31/10/15,water,MF9,48.13,ML,Alexandra,
November 2015,01/11/15,30/11/15,water,MF9,46.1,ML,Alexandra,
December 2015,01/12/15,31/12/15,water,MF9,43.1,ML,Alexandra,
January 2016,01/01/16,31/01/16,water,MF9,65.55,ML,Alexandra,
February 2016,01/02/16,29/02/16,water,MF9,57.93,ML,Alexandra,
March 2016,01/03/16,31/03/16,water,MF9,48.13,ML,Alexandra,
April 2016,01/04/16,30/04/16,water,MF9,42.0,ML,Alexandra,
May 2016,01/05/16,31/05/16,water,MF9,28.32,ML,Alexandra,
June 2016,01/06/16,30/06/16,water,MF9,35.17,ML,Alexandra,
July 2016,01/07/16,31/07/16,water,MF9,52.71,ML,Alexandra,
August 2016,01/08/16,31/08/16,water,MF9,62.61,ML,Alexandra,
September 2016,01/09/16,30/09/16,water,MF9,59.07,ML,Alexandra,
October 2016,01/10/16,31/10/16,water,MF9,55.26,ML,Alexandra,
November 2016,01/11/16,30/11/16,water,MF9,48.47,ML,Alexandra,
December 2016,01/12/16,31/12/16,water,MF9,45.16,ML,Alexandra,
January 2017,01/01/17,31/01/17,water,MF9,44.09,ML,Alexandra,
February 2017,01/02/17,28/02/17,water,MF9,43.45,ML,Alexandra,
March 2017,01/03/17,31/03/17,water,MF9,39.88,ML,Alexandra,
April 2017,01/04/17,30/04/17,water,MF9,41.32,ML,Alexandra,
May 2017,01/05/17,31/05/17,water,MF9,41.0,ML,Alexandra,
June 2017,01/06/17,30/06/17,water,MF9,48.19,ML,Alexandra,
July 2017,01/07/17,31/07/17,water,MF9,67.88,ML,Alexandra,
August 2017,01/08/17,31/08/17,water,MF9,88.5,ML,Alexandra,
September 2017,01/09/17,30/09/17,water,MF9,104.16,ML,Alexandra,
October 2017,01/10/17,31/10/17,water,MF9,93.94,ML,Alexandra,
November 2017,01/11/17,30/11/17,water,MF9,83.84,ML,Alexandra,
December 2017,01/12/17,31/12/17,water,MF9,70.75,ML,Alexandra,
January 2018,01/01/18,31/01/18,water,MF9,58.9,ML,Alexandra,
February 2018,01/02/18,28/02/18,water,MF9,50.57,ML,Alexandra,
March 2018,01/03/18,31/03/18,water,MF9,49.13,ML,Alexandra,
April 2018,01/04/18,30/04/18,water,MF9,75.3,ML,Alexandra,
May 2018,01/05/18,31/05/18,water,MF9,102.19,ML,Alexandra,
June 2018,01/06/18,30/06/18,water,MF9,122.27,ML,Alexandra,
July 2018,01/07/18,31/07/18,water,MF9,116.77,ML,Alexandra,
August 2018,01/08/18,31/08/18,water,MF9,109.65,ML,Alexandra,
September 2018,01/09/18,30/09/18,water,MF9,131.93,ML,Alexandra,
October 2018,01/10/18,31/10/18,water,MF9,117.48,ML,Alexandra,
November 2018,01/11/18,30/11/18,water,MF9,91.17,ML,Alexandra,
December 2018,01/12/18,31/12/18,water,MF9,75.58,ML,Alexandra,
January 2019,01/01/19,31/01/19,water,MF9,62.0,ML,Alexandra,
February 2019,01/02/19,28/02/19,water,MF9,46.07,ML,Alexandra,
March 2019,01/03/19,31/03/19,water,MF9,33.23,ML,Alexandra,
April 2019,01/04/19,30/04/19,water,MF9,0.0,ML,Alexandra,
May 2019,01/05/19,31/05/19,water,MF9,0.0,ML,Alexandra,
January 2012,01/01/12,31/01/12,water,MF9,187.65,ML,De Villiers,
February 2012,01/02/12,29/02/12,water,MF9,113.41,ML,De Villiers,
March 2012,01/03/12,31/03/12,water,MF9,63.97,ML,De Villiers,
April 2012,01/04/12,30/04/12,water,MF9,66.0,ML,De Villiers,
May 2012,01/05/12,31/05/12,water,MF9,100.39,ML,De Villiers,
June 2012,01/06/12,30/06/12,water,MF9,159.7,ML,De Villiers,
July 2012,01/07/12,31/07/12,water,MF9,219.84,ML,De Villiers,
August 2012,01/08/12,31/08/12,water,MF9,241.0,ML,De Villiers,
September 2012,01/09/12,30/09/12,water,MF9,238.97,ML,De Villiers,
October 2012,01/10/12,31/10/12,water,MF9,240.23,ML,De Villiers,
November 2012,01/11/12,30/11/12,water,MF9,226.37,ML,De Villiers,
December 2012,01/12/12,31/12/12,water,MF9,235.06,ML,De Villiers,
January 2013,01/01/13,31/01/13,water,MF9,207.61,ML,De Villiers,
February 2013,01/02/13,28/02/13,water,MF9,118.07,ML,De Villiers,
March 2013,01/03/13,31/03/13,water,MF9,181.03,ML,De Villiers,
April 2013,01/04/13,30/04/13,water,MF9,177.87,ML,De Villiers,
May 2013,01/05/13,31/05/13,water,MF9,131.55,ML,De Villiers,
June 2013,01/06/13,30/06/13,water,MF9,185.83,ML,De Villiers,
July 2013,01/07/13,31/07/13,water,MF9,212.48,ML,De Villiers,
August 2013,01/08/13,31/08/13,water,MF9,236.84,ML,De Villiers,
September 2013,01/09/13,30/09/13,water,MF9,242.9,ML,De Villiers,
October 2013,01/10/13,31/10/13,water,MF9,241.29,ML,De Villiers,
November 2013,01/11/13,30/11/13,water,MF9,242.17,ML,De Villiers,
December 2013,01/12/13,31/12/13,water,MF9,236.81,ML,De Villiers,
January 2014,01/01/14,31/01/14,water,MF9,235.74,ML,De Villiers,
February 2014,01/02/14,28/02/14,water,MF9,229.82,ML,De Villiers,
March 2014,01/03/14,31/03/14,water,MF9,224.81,ML,De Villiers,
April 2014,01/04/14,30/04/14,water,MF9,238.87,ML,De Villiers,
May 2014,01/05/14,31/05/14,water,MF9,240.65,ML,De Villiers,
June 2014,01/06/14,30/06/14,water,MF9,243.53,ML,De Villiers,
July 2014,01/07/14,31/07/14,water,MF9,242.87,ML,De Villiers,
August 2014,01/08/14,31/08/14,water,MF9,242.65,ML,De Villiers,
September 2014,01/09/14,30/09/14,water,MF9,233.43,ML,De Villiers,
October 2014,01/10/14,31/10/14,water,MF9,195.77,ML,De Villiers,
November 2014,01/11/14,30/11/14,water,MF9,154.97,ML,De Villiers,
December 2014,01/12/14,31/12/14,water,MF9,153.52,ML,De Villiers,
January 2015,01/01/15,31/01/15,water,MF9,153.81,ML,De Villiers,
February 2015,01/02/15,28/02/15,water,MF9,109.43,ML,De Villiers,
March 2015,01/03/15,31/03/15,water,MF9,95.0,ML,De Villiers,
April 2015,01/04/15,30/04/15,water,MF9,106.03,ML,De Villiers,
May 2015,01/05/15,31/05/15,water,MF9,110.06,ML,De Villiers,
June 2015,01/06/15,30/06/15,water,MF9,136.8,ML,De Villiers,
July 2015,01/07/15,31/07/15,water,MF9,172.9,ML,De Villiers,
August 2015,01/08/15,31/08/15,water,MF9,205.19,ML,De Villiers,
September 2015,01/09/15,30/09/15,water,MF9,220.27,ML,De Villiers,
October 2015,01/10/15,31/10/15,water,MF9,218.71,ML,De Villiers,
November 2015,01/11/15,30/11/15,water,MF9,195.4,ML,De Villiers,
December 2015,01/12/15,31/12/15,water,MF9,184.61,ML,De Villiers,
January 2016,01/01/16,31/01/16,water,MF9,174.23,ML,De Villiers,
February 2016,01/02/16,29/02/16,water,MF9,172.0,ML,De Villiers,
March 2016,01/03/16,31/03/16,water,MF9,164.03,ML,De Villiers,
April 2016,01/04/16,30/04/16,water,MF9,147.03,ML,De Villiers,
May 2016,01/05/16,31/05/16,water,MF9,207.74,ML,De Villiers,
June 2016,01/06/16,30/06/16,water,MF9,202.27,ML,De Villiers,
July 2016,01/07/16,31/07/16,water,MF9,241.23,ML,De Villiers,
August 2016,01/08/16,31/08/16,water,MF9,242.19,ML,De Villiers,
September 2016,01/09/16,30/09/16,water,MF9,229.83,ML,De Villiers,
October 2016,01/10/16,31/10/16,water,MF9,216.77,ML,De Villiers,
November 2016,01/11/16,30/11/16,water,MF9,209.13,ML,De Villiers,
December 2016,01/12/16,31/12/16,water,MF9,187.77,ML,De Villiers,
January 2017,01/01/17,31/01/17,water,MF9,159.44,ML,De Villiers,
February 2017,01/02/17,28/02/17,water,MF9,137.97,ML,De Villiers,
March 2017,01/03/17,31/03/17,water,MF9,120.72,ML,De Villiers,
April 2017,01/04/17,30/04/17,water,MF9,111.61,ML,De Villiers,
May 2017,01/05/17,31/05/17,water,MF9,102.25,ML,De Villiers,
June 2017,01/06/17,30/06/17,water,MF9,116.71,ML,De Villiers,
July 2017,01/07/17,31/07/17,water,MF9,152.19,ML,De Villiers,
August 2017,01/08/17,31/08/17,water,MF9,181.0,ML,De Villiers,
September 2017,01/09/17,30/09/17,water,MF9,208.65,ML,De Villiers,
October 2017,01/10/17,31/10/17,water,MF9,228.03,ML,De Villiers,
November 2017,01/11/17,30/11/17,water,MF9,208.68,ML,De Villiers,
December 2017,01/12/17,31/12/17,water,MF9,186.41,ML,De Villiers,
January 2018,01/01/18,31/01/18,water,MF9,193.35,ML,De Villiers,
February 2018,01/02/18,28/02/18,water,MF9,188.04,ML,De Villiers,
March 2018,01/03/18,31/03/18,water,MF9,147.48,ML,De Villiers,
April 2018,01/04/18,30/04/18,water,MF9,137.73,ML,De Villiers,
May 2018,01/05/18,31/05/18,water,MF9,123.39,ML,De Villiers,
June 2018,01/06/18,30/06/18,water,MF9,178.67,ML,De Villiers,
July 2018,01/07/18,31/07/18,water,MF9,236.81,ML,De Villiers,
August 2018,01/08/18,31/08/18,water,MF9,238.81,ML,De Villiers,
September 2018,01/09/18,30/09/18,water,MF9,243.37,ML,De Villiers,
October 2018,01/10/18,31/10/18,water,MF9,232.42,ML,De Villiers,
November 2018,01/11/18,30/11/18,water,MF9,202.5,ML,De Villiers,
December 2018,01/12/18,31/12/18,water,MF9,158.71,ML,De Villiers,
January 2019,01/01/19,31/01/19,water,MF9,100.29,ML,De Villiers,
February 2019,01/02/19,28/02/19,water,MF9,109.07,ML,De Villiers,
March 2019,01/03/19,31/03/19,water,MF9,126.55,ML,De Villiers,
April 2019,01/04/19,30/04/19,water,MF9,146.83,ML,De Villiers,
May 2019,01/05/19,31/05/19,water,MF9,149.73,ML,De Villiers,
January 2012,01/01/12,31/01/12,water,MF9,318.32,ML,Kleinplaats,
February 2012,01/02/12,29/02/12,water,MF9,282.28,ML,Kleinplaats,
March 2012,01/03/12,31/03/12,water,MF9,257.35,ML,Kleinplaats,
April 2012,01/04/12,30/04/12,water,MF9,237.23,ML,Kleinplaats,
May 2012,01/05/12,31/05/12,water,MF9,247.9,ML,Kleinplaats,
June 2012,01/06/12,30/06/12,water,MF9,450.87,ML,Kleinplaats,
July 2012,01/07/12,31/07/12,water,MF9,794.97,ML,Kleinplaats,
August 2012,01/08/12,31/08/12,water,MF9,1186.94,ML,Kleinplaats,
September 2012,01/09/12,30/09/12,water,MF9,1296.23,ML,Kleinplaats,
October 2012,01/10/12,31/10/12,water,MF9,1299.94,ML,Kleinplaats,
November 2012,01/11/12,30/11/12,water,MF9,1262.73,ML,Kleinplaats,
December 2012,01/12/12,31/12/12,water,MF9,1131.26,ML,Kleinplaats,
January 2013,01/01/13,31/01/13,water,MF9,983.52,ML,Kleinplaats,
February 2013,01/02/13,28/02/13,water,MF9,812.61,ML,Kleinplaats,
March 2013,01/03/13,31/03/13,water,MF9,657.97,ML,Kleinplaats,
April 2013,01/04/13,30/04/13,water,MF9,598.23,ML,Kleinplaats,
May 2013,01/05/13,31/05/13,water,MF9,576.42,ML,Kleinplaats,
June 2013,01/06/13,30/06/13,water,MF9,727.1,ML,Kleinplaats,
July 2013,01/07/13,31/07/13,water,MF9,1046.61,ML,Kleinplaats,
August 2013,01/08/13,31/08/13,water,MF9,1298.81,ML,Kleinplaats,
September 2013,01/09/13,30/09/13,water,MF9,1328.73,ML,Kleinplaats,
October 2013,01/10/13,31/10/13,water,MF9,1317.87,ML,Kleinplaats,
November 2013,01/11/13,30/11/13,water,MF9,1273.77,ML,Kleinplaats,
December 2013,01/12/13,31/12/13,water,MF9,1265.97,ML,Kleinplaats,
January 2014,01/01/14,31/01/14,water,MF9,1137.84,ML,Kleinplaats,
February 2014,01/02/14,28/02/14,water,MF9,953.64,ML,Kleinplaats,
March 2014,01/03/14,31/03/14,water,MF9,824.35,ML,Kleinplaats,
April 2014,01/04/14,30/04/14,water,MF9,733.6,ML,Kleinplaats,
May 2014,01/05/14,31/05/14,water,MF9,669.32,ML,Kleinplaats,
June 2014,01/06/14,30/06/14,water,MF9,1012.67,ML,Kleinplaats,
July 2014,01/07/14,31/07/14,water,MF9,1296.87,ML,Kleinplaats,
August 2014,01/08/14,31/08/14,water,MF9,1301.0,ML,Kleinplaats,
September 2014,01/09/14,30/09/14,water,MF9,1282.13,ML,Kleinplaats,
October 2014,01/10/14,31/10/14,water,MF9,1158.06,ML,Kleinplaats,
November 2014,01/11/14,30/11/14,water,MF9,985.03,ML,Kleinplaats,
December 2014,01/12/14,31/12/14,water,MF9,757.26,ML,Kleinplaats,
January 2015,01/01/15,31/01/15,water,MF9,517.77,ML,Kleinplaats,
February 2015,01/02/15,28/02/15,water,MF9,423.64,ML,Kleinplaats,
March 2015,01/03/15,31/03/15,water,MF9,385.32,ML,Kleinplaats,
April 2015,01/04/15,30/04/15,water,MF9,354.0,ML,Kleinplaats,
May 2015,01/05/15,31/05/15,water,MF9,341.45,ML,Kleinplaats,
June 2015,01/06/15,30/06/15,water,MF9,335.13,ML,Kleinplaats,
July 2015,01/07/15,31/07/15,water,MF9,456.0,ML,Kleinplaats,
August 2015,01/08/15,31/08/15,water,MF9,852.45,ML,Kleinplaats,
September 2015,01/09/15,30/09/15,water,MF9,1050.5,ML,Kleinplaats,
October 2015,01/10/15,31/10/15,water,MF9,1096.94,ML,Kleinplaats,
November 2015,01/11/15,30/11/15,water,MF9,1023.4,ML,Kleinplaats,
December 2015,01/12/15,31/12/15,water,MF9,798.77,ML,Kleinplaats,
January 2016,01/01/16,31/01/16,water,MF9,688.0,ML,Kleinplaats,
February 2016,01/02/16,29/02/16,water,MF9,608.83,ML,Kleinplaats,
March 2016,01/03/16,31/03/16,water,MF9,503.87,ML,Kleinplaats,
April 2016,01/04/16,30/04/16,water,MF9,428.5,ML,Kleinplaats,
May 2016,01/05/16,31/05/16,water,MF9,400.61,ML,Kleinplaats,
June 2016,01/06/16,30/06/16,water,MF9,464.23,ML,Kleinplaats,
July 2016,01/07/16,31/07/16,water,MF9,748.94,ML,Kleinplaats,
August 2016,01/08/16,31/08/16,water,MF9,1150.19,ML,Kleinplaats,
September 2016,01/09/16,30/09/16,water,MF9,1260.03,ML,Kleinplaats,
October 2016,01/10/16,31/10/16,water,MF9,1189.19,ML,Kleinplaats,
November 2016,01/11/16,30/11/16,water,MF9,1034.67,ML,Kleinplaats,
December 2016,01/12/16,31/12/16,water,MF9,868.68,ML,Kleinplaats,
January 2017,01/01/17,31/01/17,water,MF9,749.53,ML,Kleinplaats,
February 2017,01/02/17,28/02/17,water,MF9,675.38,ML,Kleinplaats,
March 2017,01/03/17,31/03/17,water,MF9,609.97,ML,Kleinplaats,
April 2017,01/04/17,30/04/17,water,MF9,554.42,ML,Kleinplaats,
May 2017,01/05/17,31/05/17,water,MF9,519.15,ML,Kleinplaats,
June 2017,01/06/17,30/06/17,water,MF9,501.3,ML,Kleinplaats,
July 2017,01/07/17,31/07/17,water,MF9,517.47,ML,Kleinplaats,
August 2017,01/08/17,31/08/17,water,MF9,662.12,ML,Kleinplaats,
September 2017,01/09/17,30/09/17,water,MF9,855.26,ML,Kleinplaats,
October 2017,01/10/17,31/10/17,water,MF9,858.94,ML,Kleinplaats,
November 2017,01/11/17,30/11/17,water,MF9,820.71,ML,Kleinplaats,
December 2017,01/12/17,31/12/17,water,MF9,746.78,ML,Kleinplaats,
January 2018,01/01/18,31/01/18,water,MF9,679.06,ML,Kleinplaats,
February 2018,01/02/18,28/02/18,water,MF9,607.46,ML,Kleinplaats,
March 2018,01/03/18,31/03/18,water,MF9,554.81,ML,Kleinplaats,
April 2018,01/04/18,30/04/18,water,MF9,517.17,ML,Kleinplaats,
May 2018,01/05/18,31/05/18,water,MF9,491.29,ML,Kleinplaats,
June 2018,01/06/18,30/06/18,water,MF9,608.03,ML,Kleinplaats,
July 2018,01/07/18,31/07/18,water,MF9,958.58,ML,Kleinplaats,
August 2018,01/08/18,31/08/18,water,MF9,1058.61,ML,Kleinplaats,
September 2018,01/09/18,30/09/18,water,MF9,1270.97,ML,Kleinplaats,
October 2018,01/10/18,31/10/18,water,MF9,1280.68,ML,Kleinplaats,
November 2018,01/11/18,30/11/18,water,MF9,1190.4,ML,Kleinplaats,
December 2018,01/12/18,31/12/18,water,MF9,1081.55,ML,Kleinplaats,
January 2019,01/01/19,31/01/19,water,MF9,970.1,ML,Kleinplaats,
February 2019,01/02/19,28/02/19,water,MF9,851.11,ML,Kleinplaats,
March 2019,01/03/19,31/03/19,water,MF9,678.1,ML,Kleinplaats,
April 2019,01/04/19,30/04/19,water,MF9,606.9,ML,Kleinplaats,
May 2019,01/05/19,31/05/19,water,MF9,570.3,ML,Kleinplaats,
January 2012,01/01/12,31/01/12,water,MF9,116.81,ML,Lewis Gay,
February 2012,01/02/12,29/02/12,water,MF9,84.38,ML,Lewis Gay,
March 2012,01/03/12,31/03/12,water,MF9,65.94,ML,Lewis Gay,
April 2012,01/04/12,30/04/12,water,MF9,45.97,ML,Lewis Gay,
May 2012,01/05/12,31/05/12,water,MF9,56.52,ML,Lewis Gay,
June 2012,01/06/12,30/06/12,water,MF9,136.5,ML,Lewis Gay,
July 2012,01/07/12,31/07/12,water,MF9,169.45,ML,Lewis Gay,
August 2012,01/08/12,31/08/12,water,MF9,169.16,ML,Lewis Gay,
September 2012,01/09/12,30/09/12,water,MF9,169.77,ML,Lewis Gay,
October 2012,01/10/12,31/10/12,water,MF9,170.0,ML,Lewis Gay,
November 2012,01/11/12,30/11/12,water,MF9,170.0,ML,Lewis Gay,
December 2012,01/12/12,31/12/12,water,MF9,162.71,ML,Lewis Gay,
January 2013,01/01/13,31/01/13,water,MF9,114.58,ML,Lewis Gay,
February 2013,01/02/13,28/02/13,water,MF9,110.0,ML,Lewis Gay,
March 2013,01/03/13,31/03/13,water,MF9,116.97,ML,Lewis Gay,
April 2013,01/04/13,30/04/13,water,MF9,99.23,ML,Lewis Gay,
May 2013,01/05/13,31/05/13,water,MF9,79.19,ML,Lewis Gay,
June 2013,01/06/13,30/06/13,water,MF9,137.8,ML,Lewis Gay,
July 2013,01/07/13,31/07/13,water,MF9,169.97,ML,Lewis Gay,
August 2013,01/08/13,31/08/13,water,MF9,170.19,ML,Lewis Gay,
September 2013,01/09/13,30/09/13,water,MF9,170.33,ML,Lewis Gay,
October 2013,01/10/13,31/10/13,water,MF9,167.03,ML,Lewis Gay,
November 2013,01/11/13,30/11/13,water,MF9,162.6,ML,Lewis Gay,
December 2013,01/12/13,31/12/13,water,MF9,152.45,ML,Lewis Gay,
January 2014,01/01/14,31/01/14,water,MF9,104.55,ML,Lewis Gay,
February 2014,01/02/14,28/02/14,water,MF9,119.93,ML,Lewis Gay,
March 2014,01/03/14,31/03/14,water,MF9,74.55,ML,Lewis Gay,
April 2014,01/04/14,30/04/14,water,MF9,79.67,ML,Lewis Gay,
May 2014,01/05/14,31/05/14,water,MF9,117.26,ML,Lewis Gay,
June 2014,01/06/14,30/06/14,water,MF9,153.03,ML,Lewis Gay,
July 2014,01/07/14,31/07/14,water,MF9,170.0,ML,Lewis Gay,
August 2014,01/08/14,31/08/14,water,MF9,170.0,ML,Lewis Gay,
September 2014,01/09/14,30/09/14,water,MF9,160.9,ML,Lewis Gay,
October 2014,01/10/14,31/10/14,water,MF9,116.1,ML,Lewis Gay,
November 2014,01/11/14,30/11/14,water,MF9,115.07,ML,Lewis Gay,
December 2014,01/12/14,31/12/14,water,MF9,129.35,ML,Lewis Gay,
January 2015,01/01/15,31/01/15,water,MF9,144.35,ML,Lewis Gay,
February 2015,01/02/15,28/02/15,water,MF9,130.71,ML,Lewis Gay,
March 2015,01/03/15,31/03/15,water,MF9,126.71,ML,Lewis Gay,
April 2015,01/04/15,30/04/15,water,MF9,118.2,ML,Lewis Gay,
May 2015,01/05/15,31/05/15,water,MF9,108.42,ML,Lewis Gay,
June 2015,01/06/15,30/06/15,water,MF9,118.83,ML,Lewis Gay,
July 2015,01/07/15,31/07/15,water,MF9,157.13,ML,Lewis Gay,
August 2015,01/08/15,31/08/15,water,MF9,169.32,ML,Lewis Gay,
September 2015,01/09/15,30/09/15,water,MF9,167.6,ML,Lewis Gay,
October 2015,01/10/15,31/10/15,water,MF9,164.77,ML,Lewis Gay,
November 2015,01/11/15,30/11/15,water,MF9,161.97,ML,Lewis Gay,
December 2015,01/12/15,31/12/15,water,MF9,159.74,ML,Lewis Gay,
January 2016,01/01/16,31/01/16,water,MF9,98.26,ML,Lewis Gay,
February 2016,01/02/16,29/02/16,water,MF9,44.86,ML,Lewis Gay,
March 2016,01/03/16,31/03/16,water,MF9,14.58,ML,Lewis Gay,
April 2016,01/04/16,30/04/16,water,MF9,3.1,ML,Lewis Gay,
May 2016,01/05/16,31/05/16,water,MF9,3.71,ML,Lewis Gay,
June 2016,01/06/16,30/06/16,water,MF9,3.47,ML,Lewis Gay,
July 2016,01/07/16,31/07/16,water,MF9,45.65,ML,Lewis Gay,
August 2016,01/08/16,31/08/16,water,MF9,160.48,ML,Lewis Gay,
September 2016,01/09/16,30/09/16,water,MF9,139.23,ML,Lewis Gay,
October 2016,01/10/16,31/10/16,water,MF9,138.81,ML,Lewis Gay,
November 2016,01/11/16,30/11/16,water,MF9,105.4,ML,Lewis Gay,
December 2016,01/12/16,31/12/16,water,MF9,103.68,ML,Lewis Gay,
January 2017,01/01/17,31/01/17,water,MF9,88.62,ML,Lewis Gay,
February 2017,01/02/17,28/02/17,water,MF9,97.24,ML,Lewis Gay,
March 2017,01/03/17,31/03/17,water,MF9,70.28,ML,Lewis Gay,
April 2017,01/04/17,30/04/17,water,MF9,28.68,ML,Lewis Gay,
May 2017,01/05/17,31/05/17,water,MF9,21.0,ML,Lewis Gay,
June 2017,01/06/17,30/06/17,water,MF9,32.93,ML,Lewis Gay,
July 2017,01/07/17,31/07/17,water,MF9,108.03,ML,Lewis Gay,
August 2017,01/08/17,31/08/17,water,MF9,156.34,ML,Lewis Gay,
September 2017,01/09/17,30/09/17,water,MF9,147.55,ML,Lewis Gay,
October 2017,01/10/17,31/10/17,water,MF9,152.97,ML,Lewis Gay,
November 2017,01/11/17,30/11/17,water,MF9,132.9,ML,Lewis Gay,
December 2017,01/12/17,31/12/17,water,MF9,142.66,ML,Lewis Gay,
January 2018,01/01/18,31/01/18,water,MF9,159.58,ML,Lewis Gay,
February 2018,01/02/18,28/02/18,water,MF9,160.32,ML,Lewis Gay,
March 2018,01/03/18,31/03/18,water,MF9,119.87,ML,Lewis Gay,
April 2018,01/04/18,30/04/18,water,MF9,97.57,ML,Lewis Gay,
May 2018,01/05/18,31/05/18,water,MF9,116.16,ML,Lewis Gay,
June 2018,01/06/18,30/06/18,water,MF9,156.43,ML,Lewis Gay,
July 2018,01/07/18,31/07/18,water,MF9,146.1,ML,Lewis Gay,
August 2018,01/08/18,31/08/18,water,MF9,111.1,ML,Lewis Gay,
September 2018,01/09/18,30/09/18,water,MF9,155.4,ML,Lewis Gay,
October 2018,01/10/18,31/10/18,water,MF9,161.97,ML,Lewis Gay,
November 2018,01/11/18,30/11/18,water,MF9,139.27,ML,Lewis Gay,
December 2018,01/12/18,31/12/18,water,MF9,113.61,ML,Lewis Gay,
January 2019,01/01/19,31/01/19,water,MF9,63.23,ML,Lewis Gay,
February 2019,01/02/19,28/02/19,water,MF9,7.21,ML,Lewis Gay,
March 2019,01/03/19,31/03/19,water,MF9,0.0,ML,Lewis Gay,
April 2019,01/04/19,30/04/19,water,MF9,0.0,ML,Lewis Gay,
May 2019,01/05/19,31/05/19,water,MF9,0.0,ML,Lewis Gay,
January 2012,01/01/12,31/01/12,water,MF9,336195.97,ML,Theewaterskloof,
February 2012,01/02/12,29/02/12,water,MF9,295272.21,ML,Theewaterskloof,
March 2012,01/03/12,31/03/12,water,MF9,262393.19,ML,Theewaterskloof,
April 2012,01/04/12,30/04/12,water,MF9,248849.33,ML,Theewaterskloof,
May 2012,01/05/12,31/05/12,water,MF9,248747.06,ML,Theewaterskloof,
June 2012,01/06/12,30/06/12,water,MF9,269573.3,ML,Theewaterskloof,
July 2012,01/07/12,31/07/12,water,MF9,321289.74,ML,Theewaterskloof,
August 2012,01/08/12,31/08/12,water,MF9,400581.52,ML,Theewaterskloof,
September 2012,01/09/12,30/09/12,water,MF9,477079.97,ML,Theewaterskloof,
October 2012,01/10/12,31/10/12,water,MF9,491795.77,ML,Theewaterskloof,
November 2012,01/11/12,30/11/12,water,MF9,477657.17,ML,Theewaterskloof,
December 2012,01/12/12,31/12/12,water,MF9,446987.55,ML,Theewaterskloof,
January 2013,01/01/13,31/01/13,water,MF9,406101.32,ML,Theewaterskloof,
February 2013,01/02/13,28/02/13,water,MF9,368854.64,ML,Theewaterskloof,
March 2013,01/03/13,31/03/13,water,MF9,339890.61,ML,Theewaterskloof,
April 2013,01/04/13,30/04/13,water,MF9,321807.9,ML,Theewaterskloof,
May 2013,01/05/13,31/05/13,water,MF9,316056.48,ML,Theewaterskloof,
June 2013,01/06/13,30/06/13,water,MF9,373582.7,ML,Theewaterskloof,
July 2013,01/07/13,31/07/13,water,MF9,416785.61,ML,Theewaterskloof,
August 2013,01/08/13,31/08/13,water,MF9,486425.77,ML,Theewaterskloof,
September 2013,01/09/13,30/09/13,water,MF9,502245.03,ML,Theewaterskloof,
October 2013,01/10/13,31/10/13,water,MF9,487191.23,ML,Theewaterskloof,
November 2013,01/11/13,30/11/13,water,MF9,492725.47,ML,Theewaterskloof,
December 2013,01/12/13,31/12/13,water,MF9,471842.32,ML,Theewaterskloof,
January 2014,01/01/14,31/01/14,water,MF9,443045.35,ML,Theewaterskloof,
February 2014,01/02/14,28/02/14,water,MF9,409856.61,ML,Theewaterskloof,
March 2014,01/03/14,31/03/14,water,MF9,378317.74,ML,Theewaterskloof,
April 2014,01/04/14,30/04/14,water,MF9,362401.17,ML,Theewaterskloof,
May 2014,01/05/14,31/05/14,water,MF9,357827.68,ML,Theewaterskloof,
June 2014,01/06/14,30/06/14,water,MF9,443088.5,ML,Theewaterskloof,
July 2014,01/07/14,31/07/14,water,MF9,493737.97,ML,Theewaterskloof,
August 2014,01/08/14,31/08/14,water,MF9,495823.06,ML,Theewaterskloof,
September 2014,01/09/14,30/09/14,water,MF9,491141.73,ML,Theewaterskloof,
October 2014,01/10/14,31/10/14,water,MF9,479953.9,ML,Theewaterskloof,
November 2014,01/11/14,30/11/14,water,MF9,460038.87,ML,Theewaterskloof,
December 2014,01/12/14,31/12/14,water,MF9,429860.23,ML,Theewaterskloof,
January 2015,01/01/15,31/01/15,water,MF9,388646.06,ML,Theewaterskloof,
February 2015,01/02/15,28/02/15,water,MF9,349395.96,ML,Theewaterskloof,
March 2015,01/03/15,31/03/15,water,MF9,307795.45,ML,Theewaterskloof,
April 2015,01/04/15,30/04/15,water,MF9,273023.4,ML,Theewaterskloof,
May 2015,01/05/15,31/05/15,water,MF9,246296.9,ML,Theewaterskloof,
June 2015,01/06/15,30/06/15,water,MF9,253818.2,ML,Theewaterskloof,
July 2015,01/07/15,31/07/15,water,MF9,281329.29,ML,Theewaterskloof,
August 2015,01/08/15,31/08/15,water,MF9,344563.61,ML,Theewaterskloof,
September 2015,01/09/15,30/09/15,water,MF9,364160.7,ML,Theewaterskloof,
October 2015,01/10/15,31/10/15,water,MF9,365255.55,ML,Theewaterskloof,
November 2015,01/11/15,30/11/15,water,MF9,342053.27,ML,Theewaterskloof,
December 2015,01/12/15,31/12/15,water,MF9,307350.1,ML,Theewaterskloof,
January 2016,01/01/16,31/01/16,water,MF9,263517.74,ML,Theewaterskloof,
February 2016,01/02/16,29/02/16,water,MF9,219007.14,ML,Theewaterskloof,
March 2016,01/03/16,31/03/16,water,MF9,180186.32,ML,Theewaterskloof,
April 2016,01/04/16,30/04/16,water,MF9,154035.23,ML,Theewaterskloof,
May 2016,01/05/16,31/05/16,water,MF9,150278.23,ML,Theewaterskloof,
June 2016,01/06/16,30/06/16,water,MF9,151396.87,ML,Theewaterskloof,
July 2016,01/07/16,31/07/16,water,MF9,196223.97,ML,Theewaterskloof,
August 2016,01/08/16,31/08/16,water,MF9,240985.0,ML,Theewaterskloof,
September 2016,01/09/16,30/09/16,water,MF9,254108.97,ML,Theewaterskloof,
October 2016,01/10/16,31/10/16,water,MF9,251468.0,ML,Theewaterskloof,
November 2016,01/11/16,30/11/16,water,MF9,234186.87,ML,Theewaterskloof,
December 2016,01/12/16,31/12/16,water,MF9,208517.26,ML,Theewaterskloof,
January 2017,01/01/17,31/01/17,water,MF9,174781.38,ML,Theewaterskloof,
February 2017,01/02/17,28/02/17,water,MF9,144925.24,ML,Theewaterskloof,
March 2017,01/03/17,31/03/17,water,MF9,117122.81,ML,Theewaterskloof,
April 2017,01/04/17,30/04/17,water,MF9,91656.42,ML,Theewaterskloof,
May 2017,01/05/17,31/05/17,water,MF9,69468.95,ML,Theewaterskloof,
June 2017,01/06/17,30/06/17,water,MF9,77942.77,ML,Theewaterskloof,
July 2017,01/07/17,31/07/17,water,MF9,97782.59,ML,Theewaterskloof,
August 2017,01/08/17,31/08/17,water,MF9,115809.0,ML,Theewaterskloof,
September 2017,01/09/17,30/09/17,water,MF9,133182.55,ML,Theewaterskloof,
October 2017,01/10/17,31/10/17,water,MF9,131952.47,ML,Theewaterskloof,
November 2017,01/11/17,30/11/17,water,MF9,119010.42,ML,Theewaterskloof,
December 2017,01/12/17,31/12/17,water,MF9,98072.22,ML,Theewaterskloof,
January 2018,01/01/18,31/01/18,water,MF9,74152.32,ML,Theewaterskloof,
February 2018,01/02/18,28/02/18,water,MF9,56576.36,ML,Theewaterskloof,
March 2018,01/03/18,31/03/18,water,MF9,51779.97,ML,Theewaterskloof,
April 2018,01/04/18,30/04/18,water,MF9,50477.47,ML,Theewaterskloof,
May 2018,01/05/18,31/05/18,water,MF9,60410.77,ML,Theewaterskloof,
June 2018,01/06/18,30/06/18,water,MF9,119673.2,ML,Theewaterskloof,
July 2018,01/07/18,31/07/18,water,MF9,191642.68,ML,Theewaterskloof,
August 2018,01/08/18,31/08/18,water,MF9,211991.0,ML,Theewaterskloof,
September 2018,01/09/18,30/09/18,water,MF9,254279.17,ML,Theewaterskloof,
October 2018,01/10/18,31/10/18,water,MF9,281028.9,ML,Theewaterskloof,
November 2018,01/11/18,30/11/18,water,MF9,271961.4,ML,Theewaterskloof,
December 2018,01/12/18,31/12/18,water,MF9,254210.48,ML,Theewaterskloof,
January 2019,01/01/19,31/01/19,water,MF9,232768.87,ML,Theewaterskloof,
February 2019,01/02/19,28/02/19,water,MF9,211317.96,ML,Theewaterskloof,
March 2019,01/03/19,31/03/19,water,MF9,195106.81,ML,Theewaterskloof,
April 2019,01/04/19,30/04/19,water,MF9,181730.57,ML,Theewaterskloof,
May 2019,01/05/19,31/05/19,water,MF9,175215.4,ML,Theewaterskloof,
January 2012,01/01/12,31/01/12,water,MF9,109432.9,ML,Berg River,
February 2012,01/02/12,29/02/12,water,MF9,96106.93,ML,Berg River,
March 2012,01/03/12,31/03/12,water,MF9,84010.03,ML,Berg River,
April 2012,01/04/12,30/04/12,water,MF9,77451.33,ML,Berg River,
May 2012,01/05/12,31/05/12,water,MF9,80021.94,ML,Berg River,
June 2012,01/06/12,30/06/12,water,MF9,89068.33,ML,Berg River,
July 2012,01/07/12,31/07/12,water,MF9,115000.0,ML,Berg River,
August 2012,01/08/12,31/08/12,water,MF9,130700.97,ML,Berg River,
September 2012,01/09/12,30/09/12,water,MF9,130800.33,ML,Berg River,
October 2012,01/10/12,31/10/12,water,MF9,130468.71,ML,Berg River,
November 2012,01/11/12,30/11/12,water,MF9,129329.43,ML,Berg River,
December 2012,01/12/12,31/12/12,water,MF9,123511.0,ML,Berg River,
January 2013,01/01/13,31/01/13,water,MF9,112263.23,ML,Berg River,
February 2013,01/02/13,28/02/13,water,MF9,100112.5,ML,Berg River,
March 2013,01/03/13,31/03/13,water,MF9,89165.16,ML,Berg River,
April 2013,01/04/13,30/04/13,water,MF9,89243.33,ML,Berg River,
May 2013,01/05/13,31/05/13,water,MF9,94159.03,ML,Berg River,
June 2013,01/06/13,30/06/13,water,MF9,116069.33,ML,Berg River,
July 2013,01/07/13,31/07/13,water,MF9,128901.61,ML,Berg River,
August 2013,01/08/13,31/08/13,water,MF9,132465.81,ML,Berg River,
September 2013,01/09/13,30/09/13,water,MF9,131742.67,ML,Berg River,
October 2013,01/10/13,31/10/13,water,MF9,130211.61,ML,Berg River,
November 2013,01/11/13,30/11/13,water,MF9,130578.0,ML,Berg River,
December 2013,01/12/13,31/12/13,water,MF9,128876.45,ML,Berg River,
January 2014,01/01/14,31/01/14,water,MF9,128946.13,ML,Berg River,
February 2014,01/02/14,28/02/14,water,MF9,123337.5,ML,Berg River,
March 2014,01/03/14,31/03/14,water,MF9,115036.77,ML,Berg River,
April 2014,01/04/14,30/04/14,water,MF9,116264.67,ML,Berg River,
May 2014,01/05/14,31/05/14,water,MF9,118124.19,ML,Berg River,
June 2014,01/06/14,30/06/14,water,MF9,131253.0,ML,Berg River,
July 2014,01/07/14,31/07/14,water,MF9,130559.35,ML,Berg River,
August 2014,01/08/14,31/08/14,water,MF9,131240.0,ML,Berg River,
September 2014,01/09/14,30/09/14,water,MF9,130250.67,ML,Berg River,
October 2014,01/10/14,31/10/14,water,MF9,129286.13,ML,Berg River,
November 2014,01/11/14,30/11/14,water,MF9,127802.0,ML,Berg River,
December 2014,01/12/14,31/12/14,water,MF9,121500.32,ML,Berg River,
January 2015,01/01/15,31/01/15,water,MF9,108232.58,ML,Berg River,
February 2015,01/02/15,28/02/15,water,MF9,96007.14,ML,Berg River,
March 2015,01/03/15,31/03/15,water,MF9,84904.84,ML,Berg River,
April 2015,01/04/15,30/04/15,water,MF9,74972.67,ML,Berg River,
May 2015,01/05/15,31/05/15,water,MF9,70251.61,ML,Berg River,
June 2015,01/06/15,30/06/15,water,MF9,74746.67,ML,Berg River,
July 2015,01/07/15,31/07/15,water,MF9,84898.06,ML,Berg River,
August 2015,01/08/15,31/08/15,water,MF9,109940.0,ML,Berg River,
September 2015,01/09/15,30/09/15,water,MF9,115705.67,ML,Berg River,
October 2015,01/10/15,31/10/15,water,MF9,115903.55,ML,Berg River,
November 2015,01/11/15,30/11/15,water,MF9,108803.0,ML,Berg River,
December 2015,01/12/15,31/12/15,water,MF9,94492.9,ML,Berg River,
January 2016,01/01/16,31/01/16,water,MF9,74308.71,ML,Berg River,
February 2016,01/02/16,29/02/16,water,MF9,54264.48,ML,Berg River,
March 2016,01/03/16,31/03/16,water,MF9,37944.19,ML,Berg River,
April 2016,01/04/16,30/04/16,water,MF9,31269.67,ML,Berg River,
May 2016,01/05/16,31/05/16,water,MF9,35477.1,ML,Berg River,
June 2016,01/06/16,30/06/16,water,MF9,42791.67,ML,Berg River,
July 2016,01/07/16,31/07/16,water,MF9,63700.32,ML,Berg River,
August 2016,01/08/16,31/08/16,water,MF9,83826.45,ML,Berg River,
September 2016,01/09/16,30/09/16,water,MF9,91988.67,ML,Berg River,
October 2016,01/10/16,31/10/16,water,MF9,95270.97,ML,Berg River,
November 2016,01/11/16,30/11/16,water,MF9,91468.43,ML,Berg River,
December 2016,01/12/16,31/12/16,water,MF9,81813.55,ML,Berg River,
January 2017,01/01/17,31/01/17,water,MF9,68723.12,ML,Berg River,
February 2017,01/02/17,28/02/17,water,MF9,57805.17,ML,Berg River,
March 2017,01/03/17,31/03/17,water,MF9,49584.38,ML,Berg River,
April 2017,01/04/17,30/04/17,water,MF9,44418.71,ML,Berg River,
May 2017,01/05/17,31/05/17,water,MF9,41189.5,ML,Berg River,
June 2017,01/06/17,30/06/17,water,MF9,43441.94,ML,Berg River,
July 2017,01/07/17,31/07/17,water,MF9,49855.94,ML,Berg River,
August 2017,01/08/17,31/08/17,water,MF9,63690.0,ML,Berg River,
September 2017,01/09/17,30/09/17,water,MF9,78644.52,ML,Berg River,
October 2017,01/10/17,31/10/17,water,MF9,85862.5,ML,Berg River,
November 2017,01/11/17,30/11/17,water,MF9,85661.61,ML,Berg River,
December 2017,01/12/17,31/12/17,water,MF9,79935.31,ML,Berg River,
January 2018,01/01/18,31/01/18,water,MF9,73232.26,ML,Berg River,
February 2018,01/02/18,28/02/18,water,MF9,69198.57,ML,Berg River,
March 2018,01/03/18,31/03/18,water,MF9,62840.23,ML,Berg River,
April 2018,01/04/18,30/04/18,water,MF9,53600.37,ML,Berg River,
May 2018,01/05/18,31/05/18,water,MF9,52177.03,ML,Berg River,
June 2018,01/06/18,30/06/18,water,MF9,77370.8,ML,Berg River,
July 2018,01/07/18,31/07/18,water,MF9,109089.19,ML,Berg River,
August 2018,01/08/18,31/08/18,water,MF9,116551.74,ML,Berg River,
September 2018,01/09/18,30/09/18,water,MF9,128208.5,ML,Berg River,
October 2018,01/10/18,31/10/18,water,MF9,129207.1,ML,Berg River,
November 2018,01/11/18,30/11/18,water,MF9,127250.77,ML,Berg River,
December 2018,01/12/18,31/12/18,water,MF9,120262.1,ML,Berg River,
January 2019,01/01/19,31/01/19,water,MF9,112170.48,ML,Berg River,
February 2019,01/02/19,28/02/19,water,MF9,102164.89,ML,Berg River,
March 2019,01/03/19,31/03/19,water,MF9,95229.74,ML,Berg River,
April 2019,01/04/19,30/04/19,water,MF9,90142.6,ML,Berg River,
May 2019,01/05/19,31/05/19,water,MF9,89581.6,ML,Berg River,
